,sample_id,partner_sample_id,contributor,country,location,year,month,latitude,longitude,sex_call,sample_set,release,quarter,country_iso,admin1_name,admin1_iso,admin2_name,taxon,cohort_admin1_year,cohort_admin1_month,cohort_admin1_quarter,cohort_admin2_year,cohort_admin2_month,cohort_admin2_quarter
0,OKFR_001_A10-5273STDY12828340,TZ-AF-L-009,Fredros Okumu,Tanzania,Bagamoyo 4,2019,8,-6.385,38.568,F,1236-VO-TZ-OKUMU-OKFR-TZ-2008,1.1,3,TZA,Pwani,TZ-19,Bagamoyo,funestus,TZ-19_fune_2019,TZ-19_fune_2019_08,TZ-19_fune_2019_Q3,TZ-19_Bagamoyo_fune_2019,TZ-19_Bagamoyo_fune_2019_08,TZ-19_Bagamoyo_fune_2019_Q3
1,OKFR_001_A5-5273STDY12828339,TZ-AF-L-004,Fredros Okumu,Tanzania,Bagamoyo 4,2019,8,-6.385,38.568,F,1236-VO-TZ-OKUMU-OKFR-TZ-2008,1.1,3,TZA,Pwani,TZ-19,Bagamoyo,funestus,TZ-19_fune_2019,TZ-19_fune_2019_08,TZ-19_fune_2019_Q3,TZ-19_Bagamoyo_fune_2019,TZ-19_Bagamoyo_fune_2019_08,TZ-19_Bagamoyo_fune_2019_Q3
2,OKFR_001_B4-5273STDY12828341,TZ-AF-A-006,Fredros Okumu,Tanzania,Bagamoyo 1,2019,8,-6.385,38.567,F,1236-VO-TZ-OKUMU-OKFR-TZ-2008,1.1,3,TZA,Pwani,TZ-19,Bagamoyo,funestus,TZ-19_fune_2019,TZ-19_fune_2019_08,TZ-19_fune_2019_Q3,TZ-19_Bagamoyo_fune_2019,TZ-19_Bagamoyo_fune_2019_08,TZ-19_Bagamoyo_fune_2019_Q3
3,OKFR_001_B5-5273STDY12828342,TZ-AF-A-007,Fredros Okumu,Tanzania,Bagamoyo 1,2019,8,-6.385,38.567,F,1236-VO-TZ-OKUMU-OKFR-TZ-2008,1.1,3,TZA,Pwani,TZ-19,Bagamoyo,funestus,TZ-19_fune_2019,TZ-19_fune_2019_08,TZ-19_fune_2019_Q3,TZ-19_Bagamoyo_fune_2019,TZ-19_Bagamoyo_fune_2019_08,TZ-19_Bagamoyo_fune_2019_Q3
4,OKFR_001_B6-5273STDY12828343,TZ-AF-A-008,Fredros Okumu,Tanzania,Bagamoyo 1,2019,8,-6.385,38.567,F,1236-VO-TZ-OKUMU-OKFR-TZ-2008,1.1,3,TZA,Pwani,TZ-19,Bagamoyo,funestus,TZ-19_fune_2019,TZ-19_fune_2019_08,TZ-19_fune_2019_Q3,TZ-19_Bagamoyo_fune_2019,TZ-19_Bagamoyo_fune_2019_08,TZ-19_Bagamoyo_fune_2019_Q3
5,OKFR_001_B7-5273STDY12828344,TZ-AF-A-009,Fredros Okumu,Tanzania,Bagamoyo 1,2019,8,-6.385,38.567,F,1236-VO-TZ-OKUMU-OKFR-TZ-2008,1.1,3,TZA,Pwani,TZ-19,Bagamoyo,funestus,TZ-19_fune_2019,TZ-19_fune_2019_08,TZ-19_fune_2019_Q3,TZ-19_Bagamoyo_fune_2019,TZ-19_Bagamoyo_fune_2019_08,TZ-19_Bagamoyo_fune_2019_Q3
6,OKFR_001_B8-5273STDY12828345,TZ-AF-A-010,Fredros Okumu,Tanzania,Bagamoyo 1,2019,8,-6.385,38.567,F,1236-VO-TZ-OKUMU-OKFR-TZ-2008,1.1,3,TZA,Pwani,TZ-19,Bagamoyo,funestus,TZ-19_fune_2019,TZ-19_fune_2019_08,TZ-19_fune_2019_Q3,TZ-19_Bagamoyo_fune_2019,TZ-19_Bagamoyo_fune_2019_08,TZ-19_Bagamoyo_fune_2019_Q3
7,OKFR_001_C4-5273STDY12828346,TZ-AF-A-018,Fredros Okumu,Tanzania,Bagamoyo 2,2019,8,-6.386,38.567,F,1236-VO-TZ-OKUMU-OKFR-TZ-2008,1.1,3,TZA,Pwani,TZ-19,Bagamoyo,funestus,TZ-19_fune_2019,TZ-19_fune_2019_08,TZ-19_fune_2019_Q3,TZ-19_Bagamoyo_fune_2019,TZ-19_Bagamoyo_fune_2019_08,TZ-19_Bagamoyo_fune_2019_Q3
8,OKFR_001_D4-5273STDY12828347,TZ-AF-A-030,Fredros Okumu,Tanzania,Bagamoyo 3,2019,8,-6.385,38.567,F,1236-VO-TZ-OKUMU-OKFR-TZ-2008,1.1,3,TZA,Pwani,TZ-19,Bagamoyo,funestus,TZ-19_fune_2019,TZ-19_fune_2019_08,TZ-19_fune_2019_Q3,TZ-19_Bagamoyo_fune_2019,TZ-19_Bagamoyo_fune_2019_08,TZ-19_Bagamoyo_fune_2019_Q3
9,OKFR_001_D7-5273STDY12828348,TZ-AF-A-033,Fredros Okumu,Tanzania,Bagamoyo 3,2019,8,-6.385,38.567,F,1236-VO-TZ-OKUMU-OKFR-TZ-2008,1.1,3,TZA,Pwani,TZ-19,Bagamoyo,funestus,TZ-19_fune_2019,TZ-19_fune_2019_08,TZ-19_fune_2019_Q3,TZ-19_Bagamoyo_fune_2019,TZ-19_Bagamoyo_fune_2019_08,TZ-19_Bagamoyo_fune_2019_Q3
10,OKFR_001_E2-5273STDY12828349,TZ-AF-A-040,Fredros Okumu,Tanzania,Chamwino 1,2019,3,-5.807,36.12,F,1236-VO-TZ-OKUMU-OKFR-TZ-2008,1.1,1,TZA,Dodoma,TZ-03,Chamwino,longipalpis,TZ-03_long_2019,TZ-03_long_2019_03,TZ-03_long_2019_Q1,TZ-03_Chamwino_long_2019,TZ-03_Chamwino_long_2019_03,TZ-03_Chamwino_long_2019_Q1
11,OKFR_001_E4-5273STDY12828350,TZ-AF-A-042,Fredros Okumu,Tanzania,Chamwino 1,2019,3,-5.807,36.12,F,1236-VO-TZ-OKUMU-OKFR-TZ-2008,1.1,1,TZA,Dodoma,TZ-03,Chamwino,longipalpis,TZ-03_long_2019,TZ-03_long_2019_03,TZ-03_long_2019_Q1,TZ-03_Chamwino_long_2019,TZ-03_Chamwino_long_2019_03,TZ-03_Chamwino_long_2019_Q1
12,OKFR_001_E7-5273STDY12828351,TZ-AF-A-045,Fredros Okumu,Tanzania,Chamwino 2,2019,3,-5.801,36.126,F,1236-VO-TZ-OKUMU-OKFR-TZ-2008,1.1,1,TZA,Dodoma,TZ-03,Chamwino,longipalpis,TZ-03_long_2019,TZ-03_long_2019_03,TZ-03_long_2019_Q1,TZ-03_Chamwino_long_2019,TZ-03_Chamwino_long_2019_03,TZ-03_Chamwino_long_2019_Q1
13,OKFR_001_E9-5273STDY12828352,TZ-AF-A-047,Fredros Okumu,Tanzania,Chamwino 2,2019,3,-5.801,36.126,F,1236-VO-TZ-OKUMU-OKFR-TZ-2008,1.1,1,TZA,Dodoma,TZ-03,Chamwino,longipalpis,TZ-03_long_2019,TZ-03_long_2019_03,TZ-03_long_2019_Q1,TZ-03_Chamwino_long_2019,TZ-03_Chamwino_long_2019_03,TZ-03_Chamwino_long_2019_Q1
14,OKFR_001_F1-5273STDY12828356,TZ-AF-L-011,Fredros Okumu,Tanzania,Kilombero 1,2019,2,-7.987,36.818,F,1236-VO-TZ-OKUMU-OKFR-TZ-2008,1.1,1,TZA,Morogoro,TZ-16,Kilombero,funestus,TZ-16_fune_2019,TZ-16_fune_2019_02,TZ-16_fune_2019_Q1,TZ-16_Kilombero_fune_2019,TZ-16_Kilombero_fune_2019_02,TZ-16_Kilombero_fune_2019_Q1
15,OKFR_001_F4-5273STDY12828353,TZ-AF-L-014,Fredros Okumu,Tanzania,Kilombero 1,2019,2,-7.987,36.818,F,1236-VO-TZ-OKUMU-OKFR-TZ-2008,1.1,1,TZA,Morogoro,TZ-16,Kilombero,funestus,TZ-16_fune_2019,TZ-16_fune_2019_02,TZ-16_fune_2019_Q1,TZ-16_Kilombero_fune_2019,TZ-16_Kilombero_fune_2019_02,TZ-16_Kilombero_fune_2019_Q1
16,OKFR_001_F5-5273STDY12828354,TZ-AF-L-015,Fredros Okumu,Tanzania,Kilombero 1,2019,2,-7.987,36.818,F,1236-VO-TZ-OKUMU-OKFR-TZ-2008,1.1,1,TZA,Morogoro,TZ-16,Kilombero,funestus,TZ-16_fune_2019,TZ-16_fune_2019_02,TZ-16_fune_2019_Q1,TZ-16_Kilombero_fune_2019,TZ-16_Kilombero_fune_2019_02,TZ-16_Kilombero_fune_2019_Q1
17,OKFR_001_F6-5273STDY12828355,TZ-AF-L-016,Fredros Okumu,Tanzania,Kilombero 1,2019,2,-7.987,36.818,F,1236-VO-TZ-OKUMU-OKFR-TZ-2008,1.1,1,TZA,Morogoro,TZ-16,Kilombero,funestus,TZ-16_fune_2019,TZ-16_fune_2019_02,TZ-16_fune_2019_Q1,TZ-16_Kilombero_fune_2019,TZ-16_Kilombero_fune_2019_02,TZ-16_Kilombero_fune_2019_Q1
18,OKFR_001_G10-5273STDY12828360,TZ-AF-A-062,Fredros Okumu,Tanzania,Kilombero 2,2019,2,-7.979,36.813,F,1236-VO-TZ-OKUMU-OKFR-TZ-2008,1.1,1,TZA,Morogoro,TZ-16,Kilombero,funestus,TZ-16_fune_2019,TZ-16_fune_2019_02,TZ-16_fune_2019_Q1,TZ-16_Kilombero_fune_2019,TZ-16_Kilombero_fune_2019_02,TZ-16_Kilombero_fune_2019_Q1
19,OKFR_001_G3-5273STDY12828357,TZ-AF-A-055,Fredros Okumu,Tanzania,Kilombero 2,2019,2,-7.979,36.813,F,1236-VO-TZ-OKUMU-OKFR-TZ-2008,1.1,1,TZA,Morogoro,TZ-16,Kilombero,funestus,TZ-16_fune_2019,TZ-16_fune_2019_02,TZ-16_fune_2019_Q1,TZ-16_Kilombero_fune_2019,TZ-16_Kilombero_fune_2019_02,TZ-16_Kilombero_fune_2019_Q1
20,OKFR_001_G5-5273STDY12828358,TZ-AF-A-057,Fredros Okumu,Tanzania,Kilombero 2,2019,2,-7.979,36.813,F,1236-VO-TZ-OKUMU-OKFR-TZ-2008,1.1,1,TZA,Morogoro,TZ-16,Kilombero,funestus,TZ-16_fune_2019,TZ-16_fune_2019_02,TZ-16_fune_2019_Q1,TZ-16_Kilombero_fune_2019,TZ-16_Kilombero_fune_2019_02,TZ-16_Kilombero_fune_2019_Q1
21,OKFR_001_G7-5273STDY12828359,TZ-AF-A-059,Fredros Okumu,Tanzania,Kilombero 2,2019,2,-7.979,36.813,F,1236-VO-TZ-OKUMU-OKFR-TZ-2008,1.1,1,TZA,Morogoro,TZ-16,Kilombero,funestus,TZ-16_fune_2019,TZ-16_fune_2019_02,TZ-16_fune_2019_Q1,TZ-16_Kilombero_fune_2019,TZ-16_Kilombero_fune_2019_02,TZ-16_Kilombero_fune_2019_Q1
22,OKFR_001_H2-5273STDY12828361,TZ-AF-A-066,Fredros Okumu,Tanzania,Kilombero 2,2019,2,-7.979,36.813,F,1236-VO-TZ-OKUMU-OKFR-TZ-2008,1.1,1,TZA,Morogoro,TZ-16,Kilombero,funestus,TZ-16_fune_2019,TZ-16_fune_2019_02,TZ-16_fune_2019_Q1,TZ-16_Kilombero_fune_2019,TZ-16_Kilombero_fune_2019_02,TZ-16_Kilombero_fune_2019_Q1
23,OKFR_002_A4-5273STDY12828362,TZ-AF-A-079,Fredros Okumu,Tanzania,Kakonko,2019,4,-3.294,30.294,F,1236-VO-TZ-OKUMU-OKFR-TZ-2008,1.1,2,TZA,Kigoma,TZ-08,Kibondo,funestus,TZ-08_fune_2019,TZ-08_fune_2019_04,TZ-08_fune_2019_Q2,TZ-08_Kibondo_fune_2019,TZ-08_Kibondo_fune_2019_04,TZ-08_Kibondo_fune_2019_Q2
24,OKFR_002_B7-5273STDY12828367,TZ-AF-A-085,Fredros Okumu,Tanzania,Muheza 2,2019,4,-5.227,38.66,F,1236-VO-TZ-OKUMU-OKFR-TZ-2008,1.1,2,TZA,Tanga,TZ-25,Muheza,funestus,TZ-25_fune_2019,TZ-25_fune_2019_04,TZ-25_fune_2019_Q2,TZ-25_Muheza_fune_2019,TZ-25_Muheza_fune_2019_04,TZ-25_Muheza_fune_2019_Q2
25,OKFR_002_C10-5273STDY12828373,TZ-AF-A-090,Fredros Okumu,Tanzania,Ulanga 1,2019,2,-8.358,36.71,F,1236-VO-TZ-OKUMU-OKFR-TZ-2008,1.1,1,TZA,Morogoro,TZ-16,Ulanga,funestus,TZ-16_fune_2019,TZ-16_fune_2019_02,TZ-16_fune_2019_Q1,TZ-16_Ulanga_fune_2019,TZ-16_Ulanga_fune_2019_02,TZ-16_Ulanga_fune_2019_Q1
26,OKFR_002_C3-5273STDY12828371,TZ-AF-L-032,Fredros Okumu,Tanzania,Ulanga 2,2019,2,-8.354,36.706,F,1236-VO-TZ-OKUMU-OKFR-TZ-2008,1.1,1,TZA,Morogoro,TZ-16,Ulanga,funestus,TZ-16_fune_2019,TZ-16_fune_2019_02,TZ-16_fune_2019_Q1,TZ-16_Ulanga_fune_2019,TZ-16_Ulanga_fune_2019_02,TZ-16_Ulanga_fune_2019_Q1
27,OKFR_002_C9-5273STDY12828372,TZ-AF-L-038,Fredros Okumu,Tanzania,Ulanga 2,2019,2,-8.354,36.706,F,1236-VO-TZ-OKUMU-OKFR-TZ-2008,1.1,1,TZA,Morogoro,TZ-16,Ulanga,funestus,TZ-16_fune_2019,TZ-16_fune_2019_02,TZ-16_fune_2019_Q1,TZ-16_Ulanga_fune_2019,TZ-16_Ulanga_fune_2019_02,TZ-16_Ulanga_fune_2019_Q1
28,OKFR_002_D10-5273STDY12828379,TZ-AF-A-102,Fredros Okumu,Tanzania,Ulanga 4,2019,2,-8.359,36.71,F,1236-VO-TZ-OKUMU-OKFR-TZ-2008,1.1,1,TZA,Morogoro,TZ-16,Ulanga,funestus,TZ-16_fune_2019,TZ-16_fune_2019_02,TZ-16_fune_2019_Q1,TZ-16_Ulanga_fune_2019,TZ-16_Ulanga_fune_2019_02,TZ-16_Ulanga_fune_2019_Q1
29,OKFR_002_D2-5273STDY12828374,TZ-AF-A-094,Fredros Okumu,Tanzania,Ulanga 1,2019,2,-8.358,36.71,F,1236-VO-TZ-OKUMU-OKFR-TZ-2008,1.1,1,TZA,Morogoro,TZ-16,Ulanga,funestus,TZ-16_fune_2019,TZ-16_fune_2019_02,TZ-16_fune_2019_Q1,TZ-16_Ulanga_fune_2019,TZ-16_Ulanga_fune_2019_02,TZ-16_Ulanga_fune_2019_Q1
30,OKFR_002_D4-5273STDY12828375,TZ-AF-A-096,Fredros Okumu,Tanzania,Ulanga 1,2019,2,-8.358,36.71,F,1236-VO-TZ-OKUMU-OKFR-TZ-2008,1.1,1,TZA,Morogoro,TZ-16,Ulanga,funestus,TZ-16_fune_2019,TZ-16_fune_2019_02,TZ-16_fune_2019_Q1,TZ-16_Ulanga_fune_2019,TZ-16_Ulanga_fune_2019_02,TZ-16_Ulanga_fune_2019_Q1
31,OKFR_002_D7-5273STDY12828376,TZ-AF-A-099,Fredros Okumu,Tanzania,Ulanga 3,2019,2,-8.358,36.71,F,1236-VO-TZ-OKUMU-OKFR-TZ-2008,1.1,1,TZA,Morogoro,TZ-16,Ulanga,funestus,TZ-16_fune_2019,TZ-16_fune_2019_02,TZ-16_fune_2019_Q1,TZ-16_Ulanga_fune_2019,TZ-16_Ulanga_fune_2019_02,TZ-16_Ulanga_fune_2019_Q1
32,OKFR_002_D8-5273STDY12828377,TZ-AF-A-100,Fredros Okumu,Tanzania,Ulanga 3,2019,2,-8.358,36.71,F,1236-VO-TZ-OKUMU-OKFR-TZ-2008,1.1,1,TZA,Morogoro,TZ-16,Ulanga,funestus,TZ-16_fune_2019,TZ-16_fune_2019_02,TZ-16_fune_2019_Q1,TZ-16_Ulanga_fune_2019,TZ-16_Ulanga_fune_2019_02,TZ-16_Ulanga_fune_2019_Q1
33,OKFR_002_D9-5273STDY12828378,TZ-AF-A-101,Fredros Okumu,Tanzania,Ulanga 3,2019,2,-8.358,36.71,F,1236-VO-TZ-OKUMU-OKFR-TZ-2008,1.1,1,TZA,Morogoro,TZ-16,Ulanga,funestus,TZ-16_fune_2019,TZ-16_fune_2019_02,TZ-16_fune_2019_Q1,TZ-16_Ulanga_fune_2019,TZ-16_Ulanga_fune_2019_02,TZ-16_Ulanga_fune_2019_Q1
34,OKFR_002_E10-5273STDY12828384,TZ-AF-A-114,Fredros Okumu,Tanzania,Tundulu 3,2019,5,-10.957,37.239,F,1236-VO-TZ-OKUMU-OKFR-TZ-2008,1.1,2,TZA,Ruvuma,TZ-21,Tunduru,funestus,TZ-21_fune_2019,TZ-21_fune_2019_05,TZ-21_fune_2019_Q2,TZ-21_Tunduru_fune_2019,TZ-21_Tunduru_fune_2019_05,TZ-21_Tunduru_fune_2019_Q2
35,OKFR_002_E11-5273STDY12828385,TZ-AF-A-115,Fredros Okumu,Tanzania,Tundulu 4,2019,5,-10.958,37.238,F,1236-VO-TZ-OKUMU-OKFR-TZ-2008,1.1,2,TZA,Ruvuma,TZ-21,Tunduru,funestus,TZ-21_fune_2019,TZ-21_fune_2019_05,TZ-21_fune_2019_Q2,TZ-21_Tunduru_fune_2019,TZ-21_Tunduru_fune_2019_05,TZ-21_Tunduru_fune_2019_Q2
36,OKFR_002_E12-5273STDY12828386,TZ-AF-A-116,Fredros Okumu,Tanzania,Tundulu 4,2019,5,-10.958,37.238,F,1236-VO-TZ-OKUMU-OKFR-TZ-2008,1.1,2,TZA,Ruvuma,TZ-21,Tunduru,funestus,TZ-21_fune_2019,TZ-21_fune_2019_05,TZ-21_fune_2019_Q2,TZ-21_Tunduru_fune_2019,TZ-21_Tunduru_fune_2019_05,TZ-21_Tunduru_fune_2019_Q2
37,OKFR_002_E2-5273STDY12828380,TZ-AF-A-106,Fredros Okumu,Tanzania,Tundulu 1,2019,5,-10.959,37.237,F,1236-VO-TZ-OKUMU-OKFR-TZ-2008,1.1,2,TZA,Ruvuma,TZ-21,Tunduru,funestus,TZ-21_fune_2019,TZ-21_fune_2019_05,TZ-21_fune_2019_Q2,TZ-21_Tunduru_fune_2019,TZ-21_Tunduru_fune_2019_05,TZ-21_Tunduru_fune_2019_Q2
38,OKFR_002_E4-5273STDY12828381,TZ-AF-A-108,Fredros Okumu,Tanzania,Tundulu 1,2019,5,-10.959,37.237,F,1236-VO-TZ-OKUMU-OKFR-TZ-2008,1.1,2,TZA,Ruvuma,TZ-21,Tunduru,funestus,TZ-21_fune_2019,TZ-21_fune_2019_05,TZ-21_fune_2019_Q2,TZ-21_Tunduru_fune_2019,TZ-21_Tunduru_fune_2019_05,TZ-21_Tunduru_fune_2019_Q2
39,OKFR_002_E5-5273STDY12828382,TZ-AF-A-109,Fredros Okumu,Tanzania,Tundulu 1,2019,5,-10.959,37.237,F,1236-VO-TZ-OKUMU-OKFR-TZ-2008,1.1,2,TZA,Ruvuma,TZ-21,Tunduru,funestus,TZ-21_fune_2019,TZ-21_fune_2019_05,TZ-21_fune_2019_Q2,TZ-21_Tunduru_fune_2019,TZ-21_Tunduru_fune_2019_05,TZ-21_Tunduru_fune_2019_Q2
40,OKFR_002_E6-5273STDY12828383,TZ-AF-A-110,Fredros Okumu,Tanzania,Tundulu 1,2019,5,-10.959,37.237,F,1236-VO-TZ-OKUMU-OKFR-TZ-2008,1.1,2,TZA,Ruvuma,TZ-21,Tunduru,funestus,TZ-21_fune_2019,TZ-21_fune_2019_05,TZ-21_fune_2019_Q2,TZ-21_Tunduru_fune_2019,TZ-21_Tunduru_fune_2019_05,TZ-21_Tunduru_fune_2019_Q2
41,OKFR_002_F3-5273STDY12828387,TZ-AF-A-119,Fredros Okumu,Tanzania,Tundulu 2,2019,5,-11.071,37.502,F,1236-VO-TZ-OKUMU-OKFR-TZ-2008,1.1,2,TZA,Ruvuma,TZ-21,Tunduru,funestus,TZ-21_fune_2019,TZ-21_fune_2019_05,TZ-21_fune_2019_Q2,TZ-21_Tunduru_fune_2019,TZ-21_Tunduru_fune_2019_05,TZ-21_Tunduru_fune_2019_Q2
42,OKFR_002_F4-5273STDY12828388,TZ-AF-A-120,Fredros Okumu,Tanzania,Tundulu 2,2019,5,-11.071,37.502,F,1236-VO-TZ-OKUMU-OKFR-TZ-2008,1.1,2,TZA,Ruvuma,TZ-21,Tunduru,funestus,TZ-21_fune_2019,TZ-21_fune_2019_05,TZ-21_fune_2019_Q2,TZ-21_Tunduru_fune_2019,TZ-21_Tunduru_fune_2019_05,TZ-21_Tunduru_fune_2019_Q2
43,VBS23999,1236-TZ-A-TZF07,Fredros Okumu,Tanzania,Minepa Village,2017,8,-8.273,36.681,F,1236-VO-TZ-OKUMU-VMF00090,1.0,3,TZA,Morogoro,TZ-16,Ulanga,funestus,TZ-16_fune_2017,TZ-16_fune_2017_08,TZ-16_fune_2017_Q3,TZ-16_Ulanga_fune_2017,TZ-16_Ulanga_fune_2017_08,TZ-16_Ulanga_fune_2017_Q3
44,VBS24001,1236-TZ-A-TZF09,Fredros Okumu,Tanzania,Minepa Village,2017,8,-8.273,36.681,F,1236-VO-TZ-OKUMU-VMF00090,1.0,3,TZA,Morogoro,TZ-16,Ulanga,funestus,TZ-16_fune_2017,TZ-16_fune_2017_08,TZ-16_fune_2017_Q3,TZ-16_Ulanga_fune_2017,TZ-16_Ulanga_fune_2017_08,TZ-16_Ulanga_fune_2017_Q3
45,VBS24004,1236-TZ-A-TZF12,Fredros Okumu,Tanzania,Minepa Village,2017,8,-8.273,36.681,F,1236-VO-TZ-OKUMU-VMF00090,1.0,3,TZA,Morogoro,TZ-16,Ulanga,funestus,TZ-16_fune_2017,TZ-16_fune_2017_08,TZ-16_fune_2017_Q3,TZ-16_Ulanga_fune_2017,TZ-16_Ulanga_fune_2017_08,TZ-16_Ulanga_fune_2017_Q3
46,VBS24005,1236-TZ-A-TZF13,Fredros Okumu,Tanzania,Minepa Village,2017,8,-8.273,36.681,F,1236-VO-TZ-OKUMU-VMF00090,1.0,3,TZA,Morogoro,TZ-16,Ulanga,funestus,TZ-16_fune_2017,TZ-16_fune_2017_08,TZ-16_fune_2017_Q3,TZ-16_Ulanga_fune_2017,TZ-16_Ulanga_fune_2017_08,TZ-16_Ulanga_fune_2017_Q3
47,VBS24007,1236-TZ-A-TZF15,Fredros Okumu,Tanzania,Minepa Village,2017,8,-8.273,36.681,F,1236-VO-TZ-OKUMU-VMF00090,1.0,3,TZA,Morogoro,TZ-16,Ulanga,funestus,TZ-16_fune_2017,TZ-16_fune_2017_08,TZ-16_fune_2017_Q3,TZ-16_Ulanga_fune_2017,TZ-16_Ulanga_fune_2017_08,TZ-16_Ulanga_fune_2017_Q3
48,VBS24012,1236-TZ-A-TZF20,Fredros Okumu,Tanzania,Minepa Village,2017,8,-8.273,36.681,F,1236-VO-TZ-OKUMU-VMF00090,1.0,3,TZA,Morogoro,TZ-16,Ulanga,funestus,TZ-16_fune_2017,TZ-16_fune_2017_08,TZ-16_fune_2017_Q3,TZ-16_Ulanga_fune_2017,TZ-16_Ulanga_fune_2017_08,TZ-16_Ulanga_fune_2017_Q3
49,VBS24015,1236-TZ-A-TZF23,Fredros Okumu,Tanzania,Minepa Village,2017,8,-8.273,36.681,F,1236-VO-TZ-OKUMU-VMF00090,1.0,3,TZA,Morogoro,TZ-16,Ulanga,funestus,TZ-16_fune_2017,TZ-16_fune_2017_08,TZ-16_fune_2017_Q3,TZ-16_Ulanga_fune_2017,TZ-16_Ulanga_fune_2017_08,TZ-16_Ulanga_fune_2017_Q3
50,VBS24020,1236-TZ-A-TZF28,Fredros Okumu,Tanzania,Minepa Village,2017,8,-8.273,36.681,F,1236-VO-TZ-OKUMU-VMF00090,1.0,3,TZA,Morogoro,TZ-16,Ulanga,funestus,TZ-16_fune_2017,TZ-16_fune_2017_08,TZ-16_fune_2017_Q3,TZ-16_Ulanga_fune_2017,TZ-16_Ulanga_fune_2017_08,TZ-16_Ulanga_fune_2017_Q3
51,VBS24027,1236-TZ-A-TZF35,Fredros Okumu,Tanzania,Minepa Village,2017,8,-8.273,36.681,F,1236-VO-TZ-OKUMU-VMF00090,1.0,3,TZA,Morogoro,TZ-16,Ulanga,funestus,TZ-16_fune_2017,TZ-16_fune_2017_08,TZ-16_fune_2017_Q3,TZ-16_Ulanga_fune_2017,TZ-16_Ulanga_fune_2017_08,TZ-16_Ulanga_fune_2017_Q3
52,VBS24032,1236-TZ-A-TZF40,Fredros Okumu,Tanzania,Minepa Village,2017,8,-8.273,36.681,F,1236-VO-TZ-OKUMU-VMF00090,1.0,3,TZA,Morogoro,TZ-16,Ulanga,funestus,TZ-16_fune_2017,TZ-16_fune_2017_08,TZ-16_fune_2017_Q3,TZ-16_Ulanga_fune_2017,TZ-16_Ulanga_fune_2017_08,TZ-16_Ulanga_fune_2017_Q3
53,VBS81450,TZ_MOR_08,Joel Odero,Tanzania,Sululu,2021,-1,-7.984,36.818,F,1236-VO-TZ-OKUMU-VMF00248,1.1,-1,TZA,Morogoro,TZ-16,Kilombero,funestus,TZ-16_fune_2021,TZ-16_fune_2021,TZ-16_fune_2021,TZ-16_Kilombero_fune_2021,TZ-16_Kilombero_fune_2021,TZ-16_Kilombero_fune_2021
54,VBS81451,TZ_KAG_01,Joel Odero,Tanzania,Byeju,2022,-1,-1.08,31.376,F,1236-VO-TZ-OKUMU-VMF00248,1.1,-1,TZA,Kagera,TZ-05,Missenyi,funestus,TZ-05_fune_2022,TZ-05_fune_2022,TZ-05_fune_2022,TZ-05_Missenyi_fune_2022,TZ-05_Missenyi_fune_2022,TZ-05_Missenyi_fune_2022
55,VBS81452,TZ_KAG_02,Joel Odero,Tanzania,Byeju,2022,-1,-1.08,31.376,F,1236-VO-TZ-OKUMU-VMF00248,1.1,-1,TZA,Kagera,TZ-05,Missenyi,funestus,TZ-05_fune_2022,TZ-05_fune_2022,TZ-05_fune_2022,TZ-05_Missenyi_fune_2022,TZ-05_Missenyi_fune_2022,TZ-05_Missenyi_fune_2022
56,VBS81453,TZ_KAG_09,Joel Odero,Tanzania,Byeju,2022,-1,-1.08,31.376,F,1236-VO-TZ-OKUMU-VMF00248,1.1,-1,TZA,Kagera,TZ-05,Missenyi,funestus,TZ-05_fune_2022,TZ-05_fune_2022,TZ-05_fune_2022,TZ-05_Missenyi_fune_2022,TZ-05_Missenyi_fune_2022,TZ-05_Missenyi_fune_2022
57,VBS81454,TZ_KAG_10,Joel Odero,Tanzania,Byeju,2022,-1,-1.08,31.376,F,1236-VO-TZ-OKUMU-VMF00248,1.1,-1,TZA,Kagera,TZ-05,Missenyi,funestus,TZ-05_fune_2022,TZ-05_fune_2022,TZ-05_fune_2022,TZ-05_Missenyi_fune_2022,TZ-05_Missenyi_fune_2022,TZ-05_Missenyi_fune_2022
58,VBS81455,TZ_MTW_02,Joel Odero,Tanzania,Mahurunga,2022,-1,-10.538,40.279,F,1236-VO-TZ-OKUMU-VMF00248,1.1,-1,TZA,Mtwara,TZ-17,Mtwara,funestus,TZ-17_fune_2022,TZ-17_fune_2022,TZ-17_fune_2022,TZ-17_Mtwara_fune_2022,TZ-17_Mtwara_fune_2022,TZ-17_Mtwara_fune_2022
59,VBS81456,TZ_MTW_09,Joel Odero,Tanzania,Mahurunga,2022,-1,-10.538,40.279,F,1236-VO-TZ-OKUMU-VMF00248,1.1,-1,TZA,Mtwara,TZ-17,Mtwara,funestus,TZ-17_fune_2022,TZ-17_fune_2022,TZ-17_fune_2022,TZ-17_Mtwara_fune_2022,TZ-17_Mtwara_fune_2022,TZ-17_Mtwara_fune_2022
60,VBS81457,TZ_MOR_11,Joel Odero,Tanzania,Sululu,2021,-1,-7.984,36.818,F,1236-VO-TZ-OKUMU-VMF00248,1.1,-1,TZA,Morogoro,TZ-16,Kilombero,funestus,TZ-16_fune_2021,TZ-16_fune_2021,TZ-16_fune_2021,TZ-16_Kilombero_fune_2021,TZ-16_Kilombero_fune_2021,TZ-16_Kilombero_fune_2021
61,VBS81458,TZ_MOR_12,Joel Odero,Tanzania,Sululu,2021,-1,-7.984,36.818,F,1236-VO-TZ-OKUMU-VMF00248,1.1,-1,TZA,Morogoro,TZ-16,Kilombero,funestus,TZ-16_fune_2021,TZ-16_fune_2021,TZ-16_fune_2021,TZ-16_Kilombero_fune_2021,TZ-16_Kilombero_fune_2021,TZ-16_Kilombero_fune_2021
62,VBS81459,TZ_MOR_13,Joel Odero,Tanzania,Sululu,2021,-1,-7.984,36.818,F,1236-VO-TZ-OKUMU-VMF00248,1.1,-1,TZA,Morogoro,TZ-16,Kilombero,funestus,TZ-16_fune_2021,TZ-16_fune_2021,TZ-16_fune_2021,TZ-16_Kilombero_fune_2021,TZ-16_Kilombero_fune_2021,TZ-16_Kilombero_fune_2021
63,VBS81460,TZ_MOR_14,Joel Odero,Tanzania,Sululu,2021,-1,-7.984,36.818,F,1236-VO-TZ-OKUMU-VMF00248,1.1,-1,TZA,Morogoro,TZ-16,Kilombero,funestus,TZ-16_fune_2021,TZ-16_fune_2021,TZ-16_fune_2021,TZ-16_Kilombero_fune_2021,TZ-16_Kilombero_fune_2021,TZ-16_Kilombero_fune_2021
64,VBS81461,TZ_MOR_15,Joel Odero,Tanzania,Sululu,2021,-1,-7.984,36.818,F,1236-VO-TZ-OKUMU-VMF00248,1.1,-1,TZA,Morogoro,TZ-16,Kilombero,funestus,TZ-16_fune_2021,TZ-16_fune_2021,TZ-16_fune_2021,TZ-16_Kilombero_fune_2021,TZ-16_Kilombero_fune_2021,TZ-16_Kilombero_fune_2021
65,VBS81462,TZ_MOR_16,Joel Odero,Tanzania,Sululu,2021,-1,-7.984,36.818,F,1236-VO-TZ-OKUMU-VMF00248,1.1,-1,TZA,Morogoro,TZ-16,Kilombero,funestus,TZ-16_fune_2021,TZ-16_fune_2021,TZ-16_fune_2021,TZ-16_Kilombero_fune_2021,TZ-16_Kilombero_fune_2021,TZ-16_Kilombero_fune_2021
66,VBS81463,TZ_MOR_18,Joel Odero,Tanzania,Sululu,2021,-1,-7.984,36.818,F,1236-VO-TZ-OKUMU-VMF00248,1.1,-1,TZA,Morogoro,TZ-16,Kilombero,funestus,TZ-16_fune_2021,TZ-16_fune_2021,TZ-16_fune_2021,TZ-16_Kilombero_fune_2021,TZ-16_Kilombero_fune_2021,TZ-16_Kilombero_fune_2021
67,VBS81464,TZ_MOR_19,Joel Odero,Tanzania,Sululu,2021,-1,-7.984,36.818,F,1236-VO-TZ-OKUMU-VMF00248,1.1,-1,TZA,Morogoro,TZ-16,Kilombero,funestus,TZ-16_fune_2021,TZ-16_fune_2021,TZ-16_fune_2021,TZ-16_Kilombero_fune_2021,TZ-16_Kilombero_fune_2021,TZ-16_Kilombero_fune_2021
68,VBS81466,TZ_KAG_21,Joel Odero,Tanzania,Byeju,2022,-1,-1.08,31.376,F,1236-VO-TZ-OKUMU-VMF00248,1.1,-1,TZA,Kagera,TZ-05,Missenyi,funestus,TZ-05_fune_2022,TZ-05_fune_2022,TZ-05_fune_2022,TZ-05_Missenyi_fune_2022,TZ-05_Missenyi_fune_2022,TZ-05_Missenyi_fune_2022
69,VBS81467,TZ_KAG_22,Joel Odero,Tanzania,Byeju,2022,-1,-1.08,31.376,F,1236-VO-TZ-OKUMU-VMF00248,1.1,-1,TZA,Kagera,TZ-05,Missenyi,funestus,TZ-05_fune_2022,TZ-05_fune_2022,TZ-05_fune_2022,TZ-05_Missenyi_fune_2022,TZ-05_Missenyi_fune_2022,TZ-05_Missenyi_fune_2022
70,VBS81468,TZ_KAG_23,Joel Odero,Tanzania,Byeju,2022,-1,-1.08,31.376,F,1236-VO-TZ-OKUMU-VMF00248,1.1,-1,TZA,Kagera,TZ-05,Missenyi,funestus,TZ-05_fune_2022,TZ-05_fune_2022,TZ-05_fune_2022,TZ-05_Missenyi_fune_2022,TZ-05_Missenyi_fune_2022,TZ-05_Missenyi_fune_2022
71,VBS81469,TZ_KAG_24,Joel Odero,Tanzania,Byeju,2022,-1,-1.08,31.376,F,1236-VO-TZ-OKUMU-VMF00248,1.1,-1,TZA,Kagera,TZ-05,Missenyi,funestus,TZ-05_fune_2022,TZ-05_fune_2022,TZ-05_fune_2022,TZ-05_Missenyi_fune_2022,TZ-05_Missenyi_fune_2022,TZ-05_Missenyi_fune_2022
72,VBS81470,TZ_KAG_26,Joel Odero,Tanzania,Byeju,2022,-1,-1.08,31.376,F,1236-VO-TZ-OKUMU-VMF00248,1.1,-1,TZA,Kagera,TZ-05,Missenyi,funestus,TZ-05_fune_2022,TZ-05_fune_2022,TZ-05_fune_2022,TZ-05_Missenyi_fune_2022,TZ-05_Missenyi_fune_2022,TZ-05_Missenyi_fune_2022
73,VBS81471,TZ_KAG_29,Joel Odero,Tanzania,Byeju,2022,-1,-1.08,31.376,F,1236-VO-TZ-OKUMU-VMF00248,1.1,-1,TZA,Kagera,TZ-05,Missenyi,funestus,TZ-05_fune_2022,TZ-05_fune_2022,TZ-05_fune_2022,TZ-05_Missenyi_fune_2022,TZ-05_Missenyi_fune_2022,TZ-05_Missenyi_fune_2022
74,VBS81472,TZ_MTW_11,Joel Odero,Tanzania,Mahurunga,2022,-1,-10.538,40.279,F,1236-VO-TZ-OKUMU-VMF00248,1.1,-1,TZA,Mtwara,TZ-17,Mtwara,funestus,TZ-17_fune_2022,TZ-17_fune_2022,TZ-17_fune_2022,TZ-17_Mtwara_fune_2022,TZ-17_Mtwara_fune_2022,TZ-17_Mtwara_fune_2022
75,VBS81473,TZ_MTW_14,Joel Odero,Tanzania,Mahurunga,2022,-1,-10.538,40.279,F,1236-VO-TZ-OKUMU-VMF00248,1.1,-1,TZA,Mtwara,TZ-17,Mtwara,funestus,TZ-17_fune_2022,TZ-17_fune_2022,TZ-17_fune_2022,TZ-17_Mtwara_fune_2022,TZ-17_Mtwara_fune_2022,TZ-17_Mtwara_fune_2022
76,VBS81474,TZ_MTW_15,Joel Odero,Tanzania,Mahurunga,2022,-1,-10.538,40.279,F,1236-VO-TZ-OKUMU-VMF00248,1.1,-1,TZA,Mtwara,TZ-17,Mtwara,funestus,TZ-17_fune_2022,TZ-17_fune_2022,TZ-17_fune_2022,TZ-17_Mtwara_fune_2022,TZ-17_Mtwara_fune_2022,TZ-17_Mtwara_fune_2022
77,VBS81475,TZ_MTW_16,Joel Odero,Tanzania,Mahurunga,2022,-1,-10.538,40.279,F,1236-VO-TZ-OKUMU-VMF00248,1.1,-1,TZA,Mtwara,TZ-17,Mtwara,funestus,TZ-17_fune_2022,TZ-17_fune_2022,TZ-17_fune_2022,TZ-17_Mtwara_fune_2022,TZ-17_Mtwara_fune_2022,TZ-17_Mtwara_fune_2022
78,VBS81476,TZ_MTW_17,Joel Odero,Tanzania,Mahurunga,2022,-1,-10.538,40.279,F,1236-VO-TZ-OKUMU-VMF00248,1.1,-1,TZA,Mtwara,TZ-17,Mtwara,funestus,TZ-17_fune_2022,TZ-17_fune_2022,TZ-17_fune_2022,TZ-17_Mtwara_fune_2022,TZ-17_Mtwara_fune_2022,TZ-17_Mtwara_fune_2022
79,VBS81477,TZ_MTW_18,Joel Odero,Tanzania,Mahurunga,2022,-1,-10.538,40.279,F,1236-VO-TZ-OKUMU-VMF00248,1.1,-1,TZA,Mtwara,TZ-17,Mtwara,parensis,TZ-17_pare_2022,TZ-17_pare_2022,TZ-17_pare_2022,TZ-17_Mtwara_pare_2022,TZ-17_Mtwara_pare_2022,TZ-17_Mtwara_pare_2022
80,VBS81478,TZ_MTW_19,Joel Odero,Tanzania,Mahurunga,2022,-1,-10.538,40.279,F,1236-VO-TZ-OKUMU-VMF00248,1.1,-1,TZA,Mtwara,TZ-17,Mtwara,funestus,TZ-17_fune_2022,TZ-17_fune_2022,TZ-17_fune_2022,TZ-17_Mtwara_fune_2022,TZ-17_Mtwara_fune_2022,TZ-17_Mtwara_fune_2022
81,VBS81479,TZ_MTW_20,Joel Odero,Tanzania,Mahurunga,2022,-1,-10.538,40.279,F,1236-VO-TZ-OKUMU-VMF00248,1.1,-1,TZA,Mtwara,TZ-17,Mtwara,funestus,TZ-17_fune_2022,TZ-17_fune_2022,TZ-17_fune_2022,TZ-17_Mtwara_fune_2022,TZ-17_Mtwara_fune_2022,TZ-17_Mtwara_fune_2022
82,VBS82166,TZ_KAT_2,Joel Odero,Tanzania,Vikonge,2022,3,-6.091,30.936,F,1236-VO-TZ-OKUMU-VMF00252,1.2,1,TZA,Katavi,TZ-28,Mpanda,funestus,TZ-28_fune_2022,TZ-28_fune_2022_03,TZ-28_fune_2022_Q1,TZ-28_Mpanda_fune_2022,TZ-28_Mpanda_fune_2022_03,TZ-28_Mpanda_fune_2022_Q1
83,VBS82167,TZ_KAT_3,Joel Odero,Tanzania,Vikonge,2022,3,-6.091,30.936,F,1236-VO-TZ-OKUMU-VMF00252,1.2,1,TZA,Katavi,TZ-28,Mpanda,funestus,TZ-28_fune_2022,TZ-28_fune_2022_03,TZ-28_fune_2022_Q1,TZ-28_Mpanda_fune_2022,TZ-28_Mpanda_fune_2022_03,TZ-28_Mpanda_fune_2022_Q1
84,VBS82168,TZ_KAT_5,Joel Odero,Tanzania,Vikonge,2022,3,-6.091,30.936,F,1236-VO-TZ-OKUMU-VMF00252,1.2,1,TZA,Katavi,TZ-28,Mpanda,funestus,TZ-28_fune_2022,TZ-28_fune_2022_03,TZ-28_fune_2022_Q1,TZ-28_Mpanda_fune_2022,TZ-28_Mpanda_fune_2022_03,TZ-28_Mpanda_fune_2022_Q1
85,VBS82169,TZ_KAT_8,Joel Odero,Tanzania,Vikonge,2022,3,-6.091,30.936,F,1236-VO-TZ-OKUMU-VMF00252,1.2,1,TZA,Katavi,TZ-28,Mpanda,funestus,TZ-28_fune_2022,TZ-28_fune_2022_03,TZ-28_fune_2022_Q1,TZ-28_Mpanda_fune_2022,TZ-28_Mpanda_fune_2022_03,TZ-28_Mpanda_fune_2022_Q1
86,VBS82170,TZ_KAT_9,Joel Odero,Tanzania,Vikonge,2022,3,-6.091,30.936,F,1236-VO-TZ-OKUMU-VMF00252,1.2,1,TZA,Katavi,TZ-28,Mpanda,funestus,TZ-28_fune_2022,TZ-28_fune_2022_03,TZ-28_fune_2022_Q1,TZ-28_Mpanda_fune_2022,TZ-28_Mpanda_fune_2022_03,TZ-28_Mpanda_fune_2022_Q1
87,VBS82171,TZ_KAT_11,Joel Odero,Tanzania,Vikonge,2022,3,-6.091,30.936,F,1236-VO-TZ-OKUMU-VMF00252,1.2,1,TZA,Katavi,TZ-28,Mpanda,funestus,TZ-28_fune_2022,TZ-28_fune_2022_03,TZ-28_fune_2022_Q1,TZ-28_Mpanda_fune_2022,TZ-28_Mpanda_fune_2022_03,TZ-28_Mpanda_fune_2022_Q1
88,VBS82172,TZ_KAT_14,Joel Odero,Tanzania,Vikonge,2022,3,-6.091,30.936,F,1236-VO-TZ-OKUMU-VMF00252,1.2,1,TZA,Katavi,TZ-28,Mpanda,funestus,TZ-28_fune_2022,TZ-28_fune_2022_03,TZ-28_fune_2022_Q1,TZ-28_Mpanda_fune_2022,TZ-28_Mpanda_fune_2022_03,TZ-28_Mpanda_fune_2022_Q1
89,VBS82173,TZ_KAT_15,Joel Odero,Tanzania,Vikonge,2022,3,-6.091,30.936,F,1236-VO-TZ-OKUMU-VMF00252,1.2,1,TZA,Katavi,TZ-28,Mpanda,funestus,TZ-28_fune_2022,TZ-28_fune_2022_03,TZ-28_fune_2022_Q1,TZ-28_Mpanda_fune_2022,TZ-28_Mpanda_fune_2022_03,TZ-28_Mpanda_fune_2022_Q1
90,VBS82174,TZ_KAT_19,Joel Odero,Tanzania,Vikonge,2022,3,-6.091,30.936,F,1236-VO-TZ-OKUMU-VMF00252,1.2,1,TZA,Katavi,TZ-28,Mpanda,funestus,TZ-28_fune_2022,TZ-28_fune_2022_03,TZ-28_fune_2022_Q1,TZ-28_Mpanda_fune_2022,TZ-28_Mpanda_fune_2022_03,TZ-28_Mpanda_fune_2022_Q1
91,VBS82176,TZ_RUV_8,Joel Odero,Tanzania,Nandembo,2022,3,-10.983,37.283,F,1236-VO-TZ-OKUMU-VMF00252,1.2,1,TZA,Ruvuma,TZ-21,Tunduru,funestus,TZ-21_fune_2022,TZ-21_fune_2022_03,TZ-21_fune_2022_Q1,TZ-21_Tunduru_fune_2022,TZ-21_Tunduru_fune_2022_03,TZ-21_Tunduru_fune_2022_Q1
92,VBS82177,TZ_RUV_9,Joel Odero,Tanzania,Nandembo,2022,3,-10.983,37.283,F,1236-VO-TZ-OKUMU-VMF00252,1.2,1,TZA,Ruvuma,TZ-21,Tunduru,funestus,TZ-21_fune_2022,TZ-21_fune_2022_03,TZ-21_fune_2022_Q1,TZ-21_Tunduru_fune_2022,TZ-21_Tunduru_fune_2022_03,TZ-21_Tunduru_fune_2022_Q1
93,VBS82178,TZ_RUV_13,Joel Odero,Tanzania,Nandembo,2022,3,-10.983,37.283,F,1236-VO-TZ-OKUMU-VMF00252,1.2,1,TZA,Ruvuma,TZ-21,Tunduru,funestus,TZ-21_fune_2022,TZ-21_fune_2022_03,TZ-21_fune_2022_Q1,TZ-21_Tunduru_fune_2022,TZ-21_Tunduru_fune_2022_03,TZ-21_Tunduru_fune_2022_Q1
94,VBS82179,TZ_RUV_18,Joel Odero,Tanzania,Nandembo,2022,3,-10.983,37.283,F,1236-VO-TZ-OKUMU-VMF00252,1.2,1,TZA,Ruvuma,TZ-21,Tunduru,funestus,TZ-21_fune_2022,TZ-21_fune_2022_03,TZ-21_fune_2022_Q1,TZ-21_Tunduru_fune_2022,TZ-21_Tunduru_fune_2022_03,TZ-21_Tunduru_fune_2022_Q1
95,VBS82180,TZ_DOM_1,Joel Odero,Tanzania,Mbori,2022,5,-6.272,36.378,F,1236-VO-TZ-OKUMU-VMF00252,1.2,2,TZA,Dodoma,TZ-03,Mpwapwa,funestus,TZ-03_fune_2022,TZ-03_fune_2022_05,TZ-03_fune_2022_Q2,TZ-03_Mpwapwa_fune_2022,TZ-03_Mpwapwa_fune_2022_05,TZ-03_Mpwapwa_fune_2022_Q2
96,VBS82181,TZ_DOM_2,Joel Odero,Tanzania,Mbori,2022,5,-6.272,36.378,F,1236-VO-TZ-OKUMU-VMF00252,1.2,2,TZA,Dodoma,TZ-03,Mpwapwa,funestus,TZ-03_fune_2022,TZ-03_fune_2022_05,TZ-03_fune_2022_Q2,TZ-03_Mpwapwa_fune_2022,TZ-03_Mpwapwa_fune_2022_05,TZ-03_Mpwapwa_fune_2022_Q2
97,VBS82182,TZ_DOM_3,Joel Odero,Tanzania,Mbori,2022,5,-6.272,36.378,F,1236-VO-TZ-OKUMU-VMF00252,1.2,2,TZA,Dodoma,TZ-03,Mpwapwa,funestus,TZ-03_fune_2022,TZ-03_fune_2022_05,TZ-03_fune_2022_Q2,TZ-03_Mpwapwa_fune_2022,TZ-03_Mpwapwa_fune_2022_05,TZ-03_Mpwapwa_fune_2022_Q2
98,VBS82183,TZ_DOM_4,Joel Odero,Tanzania,Mbori,2022,5,-6.272,36.378,F,1236-VO-TZ-OKUMU-VMF00252,1.2,2,TZA,Dodoma,TZ-03,Mpwapwa,funestus,TZ-03_fune_2022,TZ-03_fune_2022_05,TZ-03_fune_2022_Q2,TZ-03_Mpwapwa_fune_2022,TZ-03_Mpwapwa_fune_2022_05,TZ-03_Mpwapwa_fune_2022_Q2
99,VBS82185,TZ_DOM_6,Joel Odero,Tanzania,Mbori,2022,5,-6.272,36.378,F,1236-VO-TZ-OKUMU-VMF00252,1.2,2,TZA,Dodoma,TZ-03,Mpwapwa,funestus,TZ-03_fune_2022,TZ-03_fune_2022_05,TZ-03_fune_2022_Q2,TZ-03_Mpwapwa_fune_2022,TZ-03_Mpwapwa_fune_2022_05,TZ-03_Mpwapwa_fune_2022_Q2
100,VBS82187,TZ_DOM_8,Joel Odero,Tanzania,Mbori,2022,5,-6.272,36.378,F,1236-VO-TZ-OKUMU-VMF00252,1.2,2,TZA,Dodoma,TZ-03,Mpwapwa,funestus,TZ-03_fune_2022,TZ-03_fune_2022_05,TZ-03_fune_2022_Q2,TZ-03_Mpwapwa_fune_2022,TZ-03_Mpwapwa_fune_2022_05,TZ-03_Mpwapwa_fune_2022_Q2
101,VBS82189,TZ_DOM_11,Joel Odero,Tanzania,Mbori,2022,5,-6.272,36.378,F,1236-VO-TZ-OKUMU-VMF00252,1.2,2,TZA,Dodoma,TZ-03,Mpwapwa,funestus,TZ-03_fune_2022,TZ-03_fune_2022_05,TZ-03_fune_2022_Q2,TZ-03_Mpwapwa_fune_2022,TZ-03_Mpwapwa_fune_2022_05,TZ-03_Mpwapwa_fune_2022_Q2
102,VBS82190,TZ_DOM_12,Joel Odero,Tanzania,Mbori,2022,5,-6.272,36.378,F,1236-VO-TZ-OKUMU-VMF00252,1.2,2,TZA,Dodoma,TZ-03,Mpwapwa,funestus,TZ-03_fune_2022,TZ-03_fune_2022_05,TZ-03_fune_2022_Q2,TZ-03_Mpwapwa_fune_2022,TZ-03_Mpwapwa_fune_2022_05,TZ-03_Mpwapwa_fune_2022_Q2
103,VBS82191,TZ_DOM_13,Joel Odero,Tanzania,Mbori,2022,5,-6.272,36.378,F,1236-VO-TZ-OKUMU-VMF00252,1.2,2,TZA,Dodoma,TZ-03,Mpwapwa,funestus,TZ-03_fune_2022,TZ-03_fune_2022_05,TZ-03_fune_2022_Q2,TZ-03_Mpwapwa_fune_2022,TZ-03_Mpwapwa_fune_2022_05,TZ-03_Mpwapwa_fune_2022_Q2
104,VBS82192,TZ_DOM_14,Joel Odero,Tanzania,Mbori,2022,5,-6.272,36.378,F,1236-VO-TZ-OKUMU-VMF00252,1.2,2,TZA,Dodoma,TZ-03,Mpwapwa,funestus,TZ-03_fune_2022,TZ-03_fune_2022_05,TZ-03_fune_2022_Q2,TZ-03_Mpwapwa_fune_2022,TZ-03_Mpwapwa_fune_2022_05,TZ-03_Mpwapwa_fune_2022_Q2
105,VBS82193,TZ_DOM_15,Joel Odero,Tanzania,Mbori,2022,5,-6.272,36.378,F,1236-VO-TZ-OKUMU-VMF00252,1.2,2,TZA,Dodoma,TZ-03,Mpwapwa,funestus,TZ-03_fune_2022,TZ-03_fune_2022_05,TZ-03_fune_2022_Q2,TZ-03_Mpwapwa_fune_2022,TZ-03_Mpwapwa_fune_2022_05,TZ-03_Mpwapwa_fune_2022_Q2
106,VBS82195,TZ_DOM_17,Joel Odero,Tanzania,Mbori,2022,5,-6.272,36.378,F,1236-VO-TZ-OKUMU-VMF00252,1.2,2,TZA,Dodoma,TZ-03,Mpwapwa,funestus,TZ-03_fune_2022,TZ-03_fune_2022_05,TZ-03_fune_2022_Q2,TZ-03_Mpwapwa_fune_2022,TZ-03_Mpwapwa_fune_2022_05,TZ-03_Mpwapwa_fune_2022_Q2
107,VBS82196,TZ_DOM_18,Joel Odero,Tanzania,Mbori,2022,5,-6.272,36.378,F,1236-VO-TZ-OKUMU-VMF00252,1.2,2,TZA,Dodoma,TZ-03,Mpwapwa,funestus,TZ-03_fune_2022,TZ-03_fune_2022_05,TZ-03_fune_2022_Q2,TZ-03_Mpwapwa_fune_2022,TZ-03_Mpwapwa_fune_2022_05,TZ-03_Mpwapwa_fune_2022_Q2
108,VBS82197,TZ_DOM_19,Joel Odero,Tanzania,Mbori,2022,5,-6.272,36.378,F,1236-VO-TZ-OKUMU-VMF00252,1.2,2,TZA,Dodoma,TZ-03,Mpwapwa,funestus,TZ-03_fune_2022,TZ-03_fune_2022_05,TZ-03_fune_2022_Q2,TZ-03_Mpwapwa_fune_2022,TZ-03_Mpwapwa_fune_2022_05,TZ-03_Mpwapwa_fune_2022_Q2
109,VBS82198,TZ_DOM_20,Joel Odero,Tanzania,Mbori,2022,5,-6.272,36.378,F,1236-VO-TZ-OKUMU-VMF00252,1.2,2,TZA,Dodoma,TZ-03,Mpwapwa,funestus,TZ-03_fune_2022,TZ-03_fune_2022_05,TZ-03_fune_2022_Q2,TZ-03_Mpwapwa_fune_2022,TZ-03_Mpwapwa_fune_2022_05,TZ-03_Mpwapwa_fune_2022_Q2
110,VBS82199,TZ_BAG_1,Joel Odero,Tanzania,Sengasenga,2022,8,-6.386,38.575,F,1236-VO-TZ-OKUMU-VMF00252,1.2,3,TZA,Pwani,TZ-19,Bagamoyo,funestus,TZ-19_fune_2022,TZ-19_fune_2022_08,TZ-19_fune_2022_Q3,TZ-19_Bagamoyo_fune_2022,TZ-19_Bagamoyo_fune_2022_08,TZ-19_Bagamoyo_fune_2022_Q3
111,VBS82200,TZ_BAG_4,Joel Odero,Tanzania,Sengasenga,2022,8,-6.386,38.575,F,1236-VO-TZ-OKUMU-VMF00252,1.2,3,TZA,Pwani,TZ-19,Bagamoyo,funestus,TZ-19_fune_2022,TZ-19_fune_2022_08,TZ-19_fune_2022_Q3,TZ-19_Bagamoyo_fune_2022,TZ-19_Bagamoyo_fune_2022_08,TZ-19_Bagamoyo_fune_2022_Q3
112,VBS82201,TZ_LND_1,Joel Odero,Tanzania,Mtualonga,2022,9,-10.218,39.492,F,1236-VO-TZ-OKUMU-VMF00252,1.2,3,TZA,Lindi,TZ-12,Lindi,funestus,TZ-12_fune_2022,TZ-12_fune_2022_09,TZ-12_fune_2022_Q3,TZ-12_Lindi_fune_2022,TZ-12_Lindi_fune_2022_09,TZ-12_Lindi_fune_2022_Q3
113,VBS82202,TZ_LND_2,Joel Odero,Tanzania,Mtualonga,2022,9,-10.218,39.492,F,1236-VO-TZ-OKUMU-VMF00252,1.2,3,TZA,Lindi,TZ-12,Lindi,funestus,TZ-12_fune_2022,TZ-12_fune_2022_09,TZ-12_fune_2022_Q3,TZ-12_Lindi_fune_2022,TZ-12_Lindi_fune_2022_09,TZ-12_Lindi_fune_2022_Q3
114,VBS82203,TZ_LND_3,Joel Odero,Tanzania,Mtualonga,2022,9,-10.218,39.492,F,1236-VO-TZ-OKUMU-VMF00252,1.2,3,TZA,Lindi,TZ-12,Lindi,funestus,TZ-12_fune_2022,TZ-12_fune_2022_09,TZ-12_fune_2022_Q3,TZ-12_Lindi_fune_2022,TZ-12_Lindi_fune_2022_09,TZ-12_Lindi_fune_2022_Q3
115,VBS82204,TZ_LND_4,Joel Odero,Tanzania,Mtualonga,2022,9,-10.218,39.492,F,1236-VO-TZ-OKUMU-VMF00252,1.2,3,TZA,Lindi,TZ-12,Lindi,funestus,TZ-12_fune_2022,TZ-12_fune_2022_09,TZ-12_fune_2022_Q3,TZ-12_Lindi_fune_2022,TZ-12_Lindi_fune_2022_09,TZ-12_Lindi_fune_2022_Q3
116,VBS82205,TZ_LND_5,Joel Odero,Tanzania,Mtualonga,2022,9,-10.218,39.492,F,1236-VO-TZ-OKUMU-VMF00252,1.2,3,TZA,Lindi,TZ-12,Lindi,funestus,TZ-12_fune_2022,TZ-12_fune_2022_09,TZ-12_fune_2022_Q3,TZ-12_Lindi_fune_2022,TZ-12_Lindi_fune_2022_09,TZ-12_Lindi_fune_2022_Q3
117,VBS82206,TZ_LND_6,Joel Odero,Tanzania,Mtualonga,2022,9,-10.218,39.492,F,1236-VO-TZ-OKUMU-VMF00252,1.2,3,TZA,Lindi,TZ-12,Lindi,funestus,TZ-12_fune_2022,TZ-12_fune_2022_09,TZ-12_fune_2022_Q3,TZ-12_Lindi_fune_2022,TZ-12_Lindi_fune_2022_09,TZ-12_Lindi_fune_2022_Q3
118,VBS82207,TZ_LND_7,Joel Odero,Tanzania,Mtualonga,2022,9,-10.218,39.492,F,1236-VO-TZ-OKUMU-VMF00252,1.2,3,TZA,Lindi,TZ-12,Lindi,funestus,TZ-12_fune_2022,TZ-12_fune_2022_09,TZ-12_fune_2022_Q3,TZ-12_Lindi_fune_2022,TZ-12_Lindi_fune_2022_09,TZ-12_Lindi_fune_2022_Q3
119,VBS82208,TZ_LND_8,Joel Odero,Tanzania,Mtualonga,2022,9,-10.218,39.492,F,1236-VO-TZ-OKUMU-VMF00252,1.2,3,TZA,Lindi,TZ-12,Lindi,funestus,TZ-12_fune_2022,TZ-12_fune_2022_09,TZ-12_fune_2022_Q3,TZ-12_Lindi_fune_2022,TZ-12_Lindi_fune_2022_09,TZ-12_Lindi_fune_2022_Q3
120,VBS82209,TZ_LND_10,Joel Odero,Tanzania,Mtualonga,2022,9,-10.218,39.492,F,1236-VO-TZ-OKUMU-VMF00252,1.2,3,TZA,Lindi,TZ-12,Lindi,funestus,TZ-12_fune_2022,TZ-12_fune_2022_09,TZ-12_fune_2022_Q3,TZ-12_Lindi_fune_2022,TZ-12_Lindi_fune_2022_09,TZ-12_Lindi_fune_2022_Q3
121,VBS82210,TZ_LND_11,Joel Odero,Tanzania,Mtualonga,2022,9,-10.218,39.492,F,1236-VO-TZ-OKUMU-VMF00252,1.2,3,TZA,Lindi,TZ-12,Lindi,funestus,TZ-12_fune_2022,TZ-12_fune_2022_09,TZ-12_fune_2022_Q3,TZ-12_Lindi_fune_2022,TZ-12_Lindi_fune_2022_09,TZ-12_Lindi_fune_2022_Q3
122,VBS82211,TZ_LND_12,Joel Odero,Tanzania,Mtualonga,2022,9,-10.218,39.492,F,1236-VO-TZ-OKUMU-VMF00252,1.2,3,TZA,Lindi,TZ-12,Lindi,funestus,TZ-12_fune_2022,TZ-12_fune_2022_09,TZ-12_fune_2022_Q3,TZ-12_Lindi_fune_2022,TZ-12_Lindi_fune_2022_09,TZ-12_Lindi_fune_2022_Q3
123,VBS82212,TZ_LND_13,Joel Odero,Tanzania,Mtualonga,2022,9,-10.218,39.492,F,1236-VO-TZ-OKUMU-VMF00252,1.2,3,TZA,Lindi,TZ-12,Lindi,funestus,TZ-12_fune_2022,TZ-12_fune_2022_09,TZ-12_fune_2022_Q3,TZ-12_Lindi_fune_2022,TZ-12_Lindi_fune_2022_09,TZ-12_Lindi_fune_2022_Q3
124,VBS82213,TZ_LND_14,Joel Odero,Tanzania,Mtualonga,2022,9,-10.218,39.492,F,1236-VO-TZ-OKUMU-VMF00252,1.2,3,TZA,Lindi,TZ-12,Lindi,funestus,TZ-12_fune_2022,TZ-12_fune_2022_09,TZ-12_fune_2022_Q3,TZ-12_Lindi_fune_2022,TZ-12_Lindi_fune_2022_09,TZ-12_Lindi_fune_2022_Q3
125,VBS82214,TZ_LND_15,Joel Odero,Tanzania,Mtualonga,2022,9,-10.218,39.492,F,1236-VO-TZ-OKUMU-VMF00252,1.2,3,TZA,Lindi,TZ-12,Lindi,funestus,TZ-12_fune_2022,TZ-12_fune_2022_09,TZ-12_fune_2022_Q3,TZ-12_Lindi_fune_2022,TZ-12_Lindi_fune_2022_09,TZ-12_Lindi_fune_2022_Q3
126,VBS82215,TZ_LND_16,Joel Odero,Tanzania,Mtualonga,2022,9,-10.218,39.492,F,1236-VO-TZ-OKUMU-VMF00252,1.2,3,TZA,Lindi,TZ-12,Lindi,funestus,TZ-12_fune_2022,TZ-12_fune_2022_09,TZ-12_fune_2022_Q3,TZ-12_Lindi_fune_2022,TZ-12_Lindi_fune_2022_09,TZ-12_Lindi_fune_2022_Q3
127,VBS82216,TZ_LND_19,Joel Odero,Tanzania,Mtualonga,2022,9,-10.218,39.492,F,1236-VO-TZ-OKUMU-VMF00252,1.2,3,TZA,Lindi,TZ-12,Lindi,funestus,TZ-12_fune_2022,TZ-12_fune_2022_09,TZ-12_fune_2022_Q3,TZ-12_Lindi_fune_2022,TZ-12_Lindi_fune_2022_09,TZ-12_Lindi_fune_2022_Q3
128,VBS82217,TZ_TNG_1,Joel Odero,Tanzania,Kwamwale,2022,5,-5.157,38.729,F,1236-VO-TZ-OKUMU-VMF00252,1.2,2,TZA,Tanga,TZ-25,Muheza,funestus,TZ-25_fune_2022,TZ-25_fune_2022_05,TZ-25_fune_2022_Q2,TZ-25_Muheza_fune_2022,TZ-25_Muheza_fune_2022_05,TZ-25_Muheza_fune_2022_Q2
129,VBS82218,TZ_TNG_5,Joel Odero,Tanzania,Kwamwale,2022,5,-5.157,38.729,F,1236-VO-TZ-OKUMU-VMF00252,1.2,2,TZA,Tanga,TZ-25,Muheza,funestus,TZ-25_fune_2022,TZ-25_fune_2022_05,TZ-25_fune_2022_Q2,TZ-25_Muheza_fune_2022,TZ-25_Muheza_fune_2022_05,TZ-25_Muheza_fune_2022_Q2
130,VBS82220,TZ_TNG_8,Joel Odero,Tanzania,Kwamwale,2022,5,-5.157,38.729,F,1236-VO-TZ-OKUMU-VMF00252,1.2,2,TZA,Tanga,TZ-25,Muheza,funestus,TZ-25_fune_2022,TZ-25_fune_2022_05,TZ-25_fune_2022_Q2,TZ-25_Muheza_fune_2022,TZ-25_Muheza_fune_2022_05,TZ-25_Muheza_fune_2022_Q2
131,VBS82221,TZ_TNG_9,Joel Odero,Tanzania,Kwamwale,2022,5,-5.157,38.729,F,1236-VO-TZ-OKUMU-VMF00252,1.2,2,TZA,Tanga,TZ-25,Muheza,funestus,TZ-25_fune_2022,TZ-25_fune_2022_05,TZ-25_fune_2022_Q2,TZ-25_Muheza_fune_2022,TZ-25_Muheza_fune_2022_05,TZ-25_Muheza_fune_2022_Q2
132,VBS82222,TZ_TNG_10,Joel Odero,Tanzania,Kwamwale,2022,5,-5.157,38.729,F,1236-VO-TZ-OKUMU-VMF00252,1.2,2,TZA,Tanga,TZ-25,Muheza,funestus,TZ-25_fune_2022,TZ-25_fune_2022_05,TZ-25_fune_2022_Q2,TZ-25_Muheza_fune_2022,TZ-25_Muheza_fune_2022_05,TZ-25_Muheza_fune_2022_Q2
133,VBS82223,TZ_TNG_11,Joel Odero,Tanzania,Kwamwale,2022,5,-5.157,38.729,F,1236-VO-TZ-OKUMU-VMF00252,1.2,2,TZA,Tanga,TZ-25,Muheza,funestus,TZ-25_fune_2022,TZ-25_fune_2022_05,TZ-25_fune_2022_Q2,TZ-25_Muheza_fune_2022,TZ-25_Muheza_fune_2022_05,TZ-25_Muheza_fune_2022_Q2
134,VBS82224,TZ_TNG_12,Joel Odero,Tanzania,Kwamwale,2022,5,-5.157,38.729,F,1236-VO-TZ-OKUMU-VMF00252,1.2,2,TZA,Tanga,TZ-25,Muheza,funestus,TZ-25_fune_2022,TZ-25_fune_2022_05,TZ-25_fune_2022_Q2,TZ-25_Muheza_fune_2022,TZ-25_Muheza_fune_2022_05,TZ-25_Muheza_fune_2022_Q2
135,VBS82225,TZ_TNG_13,Joel Odero,Tanzania,Kwamwale,2022,5,-5.157,38.729,F,1236-VO-TZ-OKUMU-VMF00252,1.2,2,TZA,Tanga,TZ-25,Muheza,funestus,TZ-25_fune_2022,TZ-25_fune_2022_05,TZ-25_fune_2022_Q2,TZ-25_Muheza_fune_2022,TZ-25_Muheza_fune_2022_05,TZ-25_Muheza_fune_2022_Q2
136,VBS82226,TZ_TNG_14,Joel Odero,Tanzania,Kwamwale,2022,5,-5.157,38.729,F,1236-VO-TZ-OKUMU-VMF00252,1.2,2,TZA,Tanga,TZ-25,Muheza,funestus,TZ-25_fune_2022,TZ-25_fune_2022_05,TZ-25_fune_2022_Q2,TZ-25_Muheza_fune_2022,TZ-25_Muheza_fune_2022_05,TZ-25_Muheza_fune_2022_Q2
137,VBS82227,TZ_TNG_15,Joel Odero,Tanzania,Kwamwale,2022,5,-5.157,38.729,F,1236-VO-TZ-OKUMU-VMF00252,1.2,2,TZA,Tanga,TZ-25,Muheza,funestus,TZ-25_fune_2022,TZ-25_fune_2022_05,TZ-25_fune_2022_Q2,TZ-25_Muheza_fune_2022,TZ-25_Muheza_fune_2022_05,TZ-25_Muheza_fune_2022_Q2
138,VBS82228,TZ_TNG_16,Joel Odero,Tanzania,Kwamwale,2022,5,-5.157,38.729,F,1236-VO-TZ-OKUMU-VMF00252,1.2,2,TZA,Tanga,TZ-25,Muheza,funestus,TZ-25_fune_2022,TZ-25_fune_2022_05,TZ-25_fune_2022_Q2,TZ-25_Muheza_fune_2022,TZ-25_Muheza_fune_2022_05,TZ-25_Muheza_fune_2022_Q2
139,VBS82229,TZ_TNG_17,Joel Odero,Tanzania,Kwamwale,2022,5,-5.157,38.729,F,1236-VO-TZ-OKUMU-VMF00252,1.2,2,TZA,Tanga,TZ-25,Muheza,funestus,TZ-25_fune_2022,TZ-25_fune_2022_05,TZ-25_fune_2022_Q2,TZ-25_Muheza_fune_2022,TZ-25_Muheza_fune_2022_05,TZ-25_Muheza_fune_2022_Q2
140,VBS82230,TZ_TNG_18,Joel Odero,Tanzania,Kwamwale,2022,5,-5.157,38.729,F,1236-VO-TZ-OKUMU-VMF00252,1.2,2,TZA,Tanga,TZ-25,Muheza,funestus,TZ-25_fune_2022,TZ-25_fune_2022_05,TZ-25_fune_2022_Q2,TZ-25_Muheza_fune_2022,TZ-25_Muheza_fune_2022_05,TZ-25_Muheza_fune_2022_Q2
141,VBS85333,TZ_KAT_36,Joel Odero,Tanzania,Vikonge,2022,3,-6.091,30.936,F,1236-VO-TZ-OKUMU-VMF00261,1.3,1,TZA,Katavi,TZ-28,Mpanda,funestus,TZ-28_fune_2022,TZ-28_fune_2022_03,TZ-28_fune_2022_Q1,TZ-28_Mpanda_fune_2022,TZ-28_Mpanda_fune_2022_03,TZ-28_Mpanda_fune_2022_Q1
142,VBS85334,TZ_KAT_35,Joel Odero,Tanzania,Vikonge,2022,3,-6.091,30.936,F,1236-VO-TZ-OKUMU-VMF00261,1.3,1,TZA,Katavi,TZ-28,Mpanda,funestus,TZ-28_fune_2022,TZ-28_fune_2022_03,TZ-28_fune_2022_Q1,TZ-28_Mpanda_fune_2022,TZ-28_Mpanda_fune_2022_03,TZ-28_Mpanda_fune_2022_Q1
143,VBS85335,TZ_KAT_34,Joel Odero,Tanzania,Vikonge,2022,3,-6.091,30.936,F,1236-VO-TZ-OKUMU-VMF00261,1.3,1,TZA,Katavi,TZ-28,Mpanda,funestus,TZ-28_fune_2022,TZ-28_fune_2022_03,TZ-28_fune_2022_Q1,TZ-28_Mpanda_fune_2022,TZ-28_Mpanda_fune_2022_03,TZ-28_Mpanda_fune_2022_Q1
144,VBS85336,TZ_KAT_33,Joel Odero,Tanzania,Vikonge,2022,3,-6.091,30.936,F,1236-VO-TZ-OKUMU-VMF00261,1.3,1,TZA,Katavi,TZ-28,Mpanda,funestus,TZ-28_fune_2022,TZ-28_fune_2022_03,TZ-28_fune_2022_Q1,TZ-28_Mpanda_fune_2022,TZ-28_Mpanda_fune_2022_03,TZ-28_Mpanda_fune_2022_Q1
145,VBS85337,TZ_KAT_32,Joel Odero,Tanzania,Vikonge,2022,3,-6.091,30.936,F,1236-VO-TZ-OKUMU-VMF00261,1.3,1,TZA,Katavi,TZ-28,Mpanda,funestus,TZ-28_fune_2022,TZ-28_fune_2022_03,TZ-28_fune_2022_Q1,TZ-28_Mpanda_fune_2022,TZ-28_Mpanda_fune_2022_03,TZ-28_Mpanda_fune_2022_Q1
146,VBS85338,TZ_KAT_31,Joel Odero,Tanzania,Vikonge,2022,3,-6.091,30.936,F,1236-VO-TZ-OKUMU-VMF00261,1.3,1,TZA,Katavi,TZ-28,Mpanda,funestus,TZ-28_fune_2022,TZ-28_fune_2022_03,TZ-28_fune_2022_Q1,TZ-28_Mpanda_fune_2022,TZ-28_Mpanda_fune_2022_03,TZ-28_Mpanda_fune_2022_Q1
147,VBS85339,TZ_LND_34,Joel Odero,Tanzania,Mtualonga,2022,9,-10.218,39.492,F,1236-VO-TZ-OKUMU-VMF00261,1.3,3,TZA,Lindi,TZ-12,Lindi,funestus,TZ-12_fune_2022,TZ-12_fune_2022_09,TZ-12_fune_2022_Q3,TZ-12_Lindi_fune_2022,TZ-12_Lindi_fune_2022_09,TZ-12_Lindi_fune_2022_Q3
148,VBS85340,TZ_LND_33,Joel Odero,Tanzania,Mtualonga,2022,9,-10.218,39.492,F,1236-VO-TZ-OKUMU-VMF00261,1.3,3,TZA,Lindi,TZ-12,Lindi,funestus,TZ-12_fune_2022,TZ-12_fune_2022_09,TZ-12_fune_2022_Q3,TZ-12_Lindi_fune_2022,TZ-12_Lindi_fune_2022_09,TZ-12_Lindi_fune_2022_Q3
149,VBS85341,TZ_LND_32,Joel Odero,Tanzania,Mtualonga,2022,9,-10.218,39.492,F,1236-VO-TZ-OKUMU-VMF00261,1.3,3,TZA,Lindi,TZ-12,Lindi,funestus,TZ-12_fune_2022,TZ-12_fune_2022_09,TZ-12_fune_2022_Q3,TZ-12_Lindi_fune_2022,TZ-12_Lindi_fune_2022_09,TZ-12_Lindi_fune_2022_Q3
150,VBS85342,TZ_LND_31,Joel Odero,Tanzania,Mtualonga,2022,9,-10.218,39.492,F,1236-VO-TZ-OKUMU-VMF00261,1.3,3,TZA,Lindi,TZ-12,Lindi,funestus,TZ-12_fune_2022,TZ-12_fune_2022_09,TZ-12_fune_2022_Q3,TZ-12_Lindi_fune_2022,TZ-12_Lindi_fune_2022_09,TZ-12_Lindi_fune_2022_Q3
151,VBS85343,TZ_LND_30,Joel Odero,Tanzania,Mtualonga,2022,9,-10.218,39.492,F,1236-VO-TZ-OKUMU-VMF00261,1.3,3,TZA,Lindi,TZ-12,Lindi,funestus,TZ-12_fune_2022,TZ-12_fune_2022_09,TZ-12_fune_2022_Q3,TZ-12_Lindi_fune_2022,TZ-12_Lindi_fune_2022_09,TZ-12_Lindi_fune_2022_Q3
152,VBS85344,TZ_LND_29,Joel Odero,Tanzania,Mtualonga,2022,9,-10.218,39.492,F,1236-VO-TZ-OKUMU-VMF00261,1.3,3,TZA,Lindi,TZ-12,Lindi,funestus,TZ-12_fune_2022,TZ-12_fune_2022_09,TZ-12_fune_2022_Q3,TZ-12_Lindi_fune_2022,TZ-12_Lindi_fune_2022_09,TZ-12_Lindi_fune_2022_Q3
153,VBS85345,TZ_LND_28,Joel Odero,Tanzania,Mtualonga,2022,9,-10.218,39.492,F,1236-VO-TZ-OKUMU-VMF00261,1.3,3,TZA,Lindi,TZ-12,Lindi,funestus,TZ-12_fune_2022,TZ-12_fune_2022_09,TZ-12_fune_2022_Q3,TZ-12_Lindi_fune_2022,TZ-12_Lindi_fune_2022_09,TZ-12_Lindi_fune_2022_Q3
154,VBS85346,TZ_LND_27,Joel Odero,Tanzania,Mtualonga,2022,9,-10.218,39.492,F,1236-VO-TZ-OKUMU-VMF00261,1.3,3,TZA,Lindi,TZ-12,Lindi,funestus,TZ-12_fune_2022,TZ-12_fune_2022_09,TZ-12_fune_2022_Q3,TZ-12_Lindi_fune_2022,TZ-12_Lindi_fune_2022_09,TZ-12_Lindi_fune_2022_Q3
155,VBS85347,TZ_LND_26,Joel Odero,Tanzania,Mtualonga,2022,9,-10.218,39.492,F,1236-VO-TZ-OKUMU-VMF00261,1.3,3,TZA,Lindi,TZ-12,Lindi,funestus,TZ-12_fune_2022,TZ-12_fune_2022_09,TZ-12_fune_2022_Q3,TZ-12_Lindi_fune_2022,TZ-12_Lindi_fune_2022_09,TZ-12_Lindi_fune_2022_Q3
156,VBS85348,TZ_KAG_42,Joel Odero,Tanzania,Byeju,2022,1,-1.08,31.376,F,1236-VO-TZ-OKUMU-VMF00261,1.3,1,TZA,Kagera,TZ-05,Missenyi,funestus,TZ-05_fune_2022,TZ-05_fune_2022_01,TZ-05_fune_2022_Q1,TZ-05_Missenyi_fune_2022,TZ-05_Missenyi_fune_2022_01,TZ-05_Missenyi_fune_2022_Q1
157,VBS85349,TZ_KAG_41,Joel Odero,Tanzania,Byeju,2022,1,-1.08,31.376,F,1236-VO-TZ-OKUMU-VMF00261,1.3,1,TZA,Kagera,TZ-05,Missenyi,funestus,TZ-05_fune_2022,TZ-05_fune_2022_01,TZ-05_fune_2022_Q1,TZ-05_Missenyi_fune_2022,TZ-05_Missenyi_fune_2022_01,TZ-05_Missenyi_fune_2022_Q1
158,VBS85350,TZ_MTW_50,Joel Odero,Tanzania,Mahurunga,2022,10,-10.538,40.279,F,1236-VO-TZ-OKUMU-VMF00261,1.3,4,TZA,Mtwara,TZ-17,Mtwara,funestus,TZ-17_fune_2022,TZ-17_fune_2022_10,TZ-17_fune_2022_Q4,TZ-17_Mtwara_fune_2022,TZ-17_Mtwara_fune_2022_10,TZ-17_Mtwara_fune_2022_Q4
159,VBS85351,TZ_MTW_49,Joel Odero,Tanzania,Mahurunga,2022,10,-10.538,40.279,F,1236-VO-TZ-OKUMU-VMF00261,1.3,4,TZA,Mtwara,TZ-17,Mtwara,funestus,TZ-17_fune_2022,TZ-17_fune_2022_10,TZ-17_fune_2022_Q4,TZ-17_Mtwara_fune_2022,TZ-17_Mtwara_fune_2022_10,TZ-17_Mtwara_fune_2022_Q4
160,VBS85352,TZ_MTW_48,Joel Odero,Tanzania,Mahurunga,2022,10,-10.538,40.279,F,1236-VO-TZ-OKUMU-VMF00261,1.3,4,TZA,Mtwara,TZ-17,Mtwara,funestus,TZ-17_fune_2022,TZ-17_fune_2022_10,TZ-17_fune_2022_Q4,TZ-17_Mtwara_fune_2022,TZ-17_Mtwara_fune_2022_10,TZ-17_Mtwara_fune_2022_Q4
161,VBS85353,TZ_LND_25,Joel Odero,Tanzania,Mtualonga,2022,9,-10.218,39.492,F,1236-VO-TZ-OKUMU-VMF00261,1.3,3,TZA,Lindi,TZ-12,Lindi,funestus,TZ-12_fune_2022,TZ-12_fune_2022_09,TZ-12_fune_2022_Q3,TZ-12_Lindi_fune_2022,TZ-12_Lindi_fune_2022_09,TZ-12_Lindi_fune_2022_Q3
162,VBS85354,TZ_LND_24,Joel Odero,Tanzania,Mtualonga,2022,9,-10.218,39.492,F,1236-VO-TZ-OKUMU-VMF00261,1.3,3,TZA,Lindi,TZ-12,Lindi,funestus,TZ-12_fune_2022,TZ-12_fune_2022_09,TZ-12_fune_2022_Q3,TZ-12_Lindi_fune_2022,TZ-12_Lindi_fune_2022_09,TZ-12_Lindi_fune_2022_Q3
163,VBS85355,TZ_LND_23,Joel Odero,Tanzania,Mtualonga,2022,9,-10.218,39.492,F,1236-VO-TZ-OKUMU-VMF00261,1.3,3,TZA,Lindi,TZ-12,Lindi,funestus,TZ-12_fune_2022,TZ-12_fune_2022_09,TZ-12_fune_2022_Q3,TZ-12_Lindi_fune_2022,TZ-12_Lindi_fune_2022_09,TZ-12_Lindi_fune_2022_Q3
164,VBS85356,TZ_LND_22,Joel Odero,Tanzania,Mtualonga,2022,9,-10.218,39.492,F,1236-VO-TZ-OKUMU-VMF00261,1.3,3,TZA,Lindi,TZ-12,Lindi,funestus,TZ-12_fune_2022,TZ-12_fune_2022_09,TZ-12_fune_2022_Q3,TZ-12_Lindi_fune_2022,TZ-12_Lindi_fune_2022_09,TZ-12_Lindi_fune_2022_Q3
165,VBS85357,TZ_LND_21,Joel Odero,Tanzania,Mtualonga,2022,9,-10.218,39.492,F,1236-VO-TZ-OKUMU-VMF00261,1.3,3,TZA,Lindi,TZ-12,Lindi,funestus,TZ-12_fune_2022,TZ-12_fune_2022_09,TZ-12_fune_2022_Q3,TZ-12_Lindi_fune_2022,TZ-12_Lindi_fune_2022_09,TZ-12_Lindi_fune_2022_Q3
166,VBS85358,TZ_TNG_36,Joel Odero,Tanzania,Kwamwale,2022,5,-5.157,38.729,F,1236-VO-TZ-OKUMU-VMF00261,1.3,2,TZA,Tanga,TZ-25,Muheza,funestus,TZ-25_fune_2022,TZ-25_fune_2022_05,TZ-25_fune_2022_Q2,TZ-25_Muheza_fune_2022,TZ-25_Muheza_fune_2022_05,TZ-25_Muheza_fune_2022_Q2
167,VBS85359,TZ_TNG_35,Joel Odero,Tanzania,Kwamwale,2022,5,-5.157,38.729,F,1236-VO-TZ-OKUMU-VMF00261,1.3,2,TZA,Tanga,TZ-25,Muheza,funestus,TZ-25_fune_2022,TZ-25_fune_2022_05,TZ-25_fune_2022_Q2,TZ-25_Muheza_fune_2022,TZ-25_Muheza_fune_2022_05,TZ-25_Muheza_fune_2022_Q2
168,VBS85360,TZ_TNG_34,Joel Odero,Tanzania,Kwamwale,2022,5,-5.157,38.729,F,1236-VO-TZ-OKUMU-VMF00261,1.3,2,TZA,Tanga,TZ-25,Muheza,funestus,TZ-25_fune_2022,TZ-25_fune_2022_05,TZ-25_fune_2022_Q2,TZ-25_Muheza_fune_2022,TZ-25_Muheza_fune_2022_05,TZ-25_Muheza_fune_2022_Q2
169,VBS85361,TZ_TNG_33,Joel Odero,Tanzania,Kwamwale,2022,5,-5.157,38.729,F,1236-VO-TZ-OKUMU-VMF00261,1.3,2,TZA,Tanga,TZ-25,Muheza,funestus,TZ-25_fune_2022,TZ-25_fune_2022_05,TZ-25_fune_2022_Q2,TZ-25_Muheza_fune_2022,TZ-25_Muheza_fune_2022_05,TZ-25_Muheza_fune_2022_Q2
170,VBS85362,TZ_TNG_32,Joel Odero,Tanzania,Kwamwale,2022,5,-5.157,38.729,F,1236-VO-TZ-OKUMU-VMF00261,1.3,2,TZA,Tanga,TZ-25,Muheza,funestus,TZ-25_fune_2022,TZ-25_fune_2022_05,TZ-25_fune_2022_Q2,TZ-25_Muheza_fune_2022,TZ-25_Muheza_fune_2022_05,TZ-25_Muheza_fune_2022_Q2
171,VBS85363,TZ_TNG_31,Joel Odero,Tanzania,Kwamwale,2022,5,-5.157,38.729,F,1236-VO-TZ-OKUMU-VMF00261,1.3,2,TZA,Tanga,TZ-25,Muheza,funestus,TZ-25_fune_2022,TZ-25_fune_2022_05,TZ-25_fune_2022_Q2,TZ-25_Muheza_fune_2022,TZ-25_Muheza_fune_2022_05,TZ-25_Muheza_fune_2022_Q2
172,VBS85364,TZ_TNG_30,Joel Odero,Tanzania,Kwamwale,2022,5,-5.157,38.729,F,1236-VO-TZ-OKUMU-VMF00261,1.3,2,TZA,Tanga,TZ-25,Muheza,funestus,TZ-25_fune_2022,TZ-25_fune_2022_05,TZ-25_fune_2022_Q2,TZ-25_Muheza_fune_2022,TZ-25_Muheza_fune_2022_05,TZ-25_Muheza_fune_2022_Q2
173,VBS85365,TZ_TNG_29,Joel Odero,Tanzania,Kwamwale,2022,5,-5.157,38.729,F,1236-VO-TZ-OKUMU-VMF00261,1.3,2,TZA,Tanga,TZ-25,Muheza,funestus,TZ-25_fune_2022,TZ-25_fune_2022_05,TZ-25_fune_2022_Q2,TZ-25_Muheza_fune_2022,TZ-25_Muheza_fune_2022_05,TZ-25_Muheza_fune_2022_Q2
174,VBS85366,TZ_TNG_27,Joel Odero,Tanzania,Kwamwale,2022,5,-5.157,38.729,F,1236-VO-TZ-OKUMU-VMF00261,1.3,2,TZA,Tanga,TZ-25,Muheza,funestus,TZ-25_fune_2022,TZ-25_fune_2022_05,TZ-25_fune_2022_Q2,TZ-25_Muheza_fune_2022,TZ-25_Muheza_fune_2022_05,TZ-25_Muheza_fune_2022_Q2
175,VBS85367,TZ_TNG_26,Joel Odero,Tanzania,Kwamwale,2022,5,-5.157,38.729,F,1236-VO-TZ-OKUMU-VMF00261,1.3,2,TZA,Tanga,TZ-25,Muheza,funestus,TZ-25_fune_2022,TZ-25_fune_2022_05,TZ-25_fune_2022_Q2,TZ-25_Muheza_fune_2022,TZ-25_Muheza_fune_2022_05,TZ-25_Muheza_fune_2022_Q2
176,VBS85368,TZ_TNG_25,Joel Odero,Tanzania,Kwamwale,2022,5,-5.157,38.729,F,1236-VO-TZ-OKUMU-VMF00261,1.3,2,TZA,Tanga,TZ-25,Muheza,funestus,TZ-25_fune_2022,TZ-25_fune_2022_05,TZ-25_fune_2022_Q2,TZ-25_Muheza_fune_2022,TZ-25_Muheza_fune_2022_05,TZ-25_Muheza_fune_2022_Q2
177,VBS85369,TZ_TNG_24,Joel Odero,Tanzania,Kwamwale,2022,5,-5.157,38.729,F,1236-VO-TZ-OKUMU-VMF00261,1.3,2,TZA,Tanga,TZ-25,Muheza,funestus,TZ-25_fune_2022,TZ-25_fune_2022_05,TZ-25_fune_2022_Q2,TZ-25_Muheza_fune_2022,TZ-25_Muheza_fune_2022_05,TZ-25_Muheza_fune_2022_Q2
178,VBS85370,TZ_TNG_22,Joel Odero,Tanzania,Kwamwale,2022,5,-5.157,38.729,F,1236-VO-TZ-OKUMU-VMF00261,1.3,2,TZA,Tanga,TZ-25,Muheza,funestus,TZ-25_fune_2022,TZ-25_fune_2022_05,TZ-25_fune_2022_Q2,TZ-25_Muheza_fune_2022,TZ-25_Muheza_fune_2022_05,TZ-25_Muheza_fune_2022_Q2
179,VBS85371,TZ_TNG_21,Joel Odero,Tanzania,Kwamwale,2022,5,-5.157,38.729,F,1236-VO-TZ-OKUMU-VMF00261,1.3,2,TZA,Tanga,TZ-25,Muheza,funestus,TZ-25_fune_2022,TZ-25_fune_2022_05,TZ-25_fune_2022_Q2,TZ-25_Muheza_fune_2022,TZ-25_Muheza_fune_2022_05,TZ-25_Muheza_fune_2022_Q2
180,VBS85372,TZ_DOM_36,Joel Odero,Tanzania,Mpwapwa,2022,5,-6.272,36.377,F,1236-VO-TZ-OKUMU-VMF00261,1.3,2,TZA,Dodoma,TZ-03,Mpwapwa,funestus,TZ-03_fune_2022,TZ-03_fune_2022_05,TZ-03_fune_2022_Q2,TZ-03_Mpwapwa_fune_2022,TZ-03_Mpwapwa_fune_2022_05,TZ-03_Mpwapwa_fune_2022_Q2
181,VBS85373,TZ_DOM_35,Joel Odero,Tanzania,Mpwapwa,2022,5,-6.272,36.377,F,1236-VO-TZ-OKUMU-VMF00261,1.3,2,TZA,Dodoma,TZ-03,Mpwapwa,funestus,TZ-03_fune_2022,TZ-03_fune_2022_05,TZ-03_fune_2022_Q2,TZ-03_Mpwapwa_fune_2022,TZ-03_Mpwapwa_fune_2022_05,TZ-03_Mpwapwa_fune_2022_Q2
182,VBS85374,TZ_DOM_34,Joel Odero,Tanzania,Mpwapwa,2022,5,-6.272,36.377,F,1236-VO-TZ-OKUMU-VMF00261,1.3,2,TZA,Dodoma,TZ-03,Mpwapwa,funestus,TZ-03_fune_2022,TZ-03_fune_2022_05,TZ-03_fune_2022_Q2,TZ-03_Mpwapwa_fune_2022,TZ-03_Mpwapwa_fune_2022_05,TZ-03_Mpwapwa_fune_2022_Q2
183,VBS85375,TZ_DOM_33,Joel Odero,Tanzania,Mpwapwa,2022,5,-6.272,36.377,F,1236-VO-TZ-OKUMU-VMF00261,1.3,2,TZA,Dodoma,TZ-03,Mpwapwa,funestus,TZ-03_fune_2022,TZ-03_fune_2022_05,TZ-03_fune_2022_Q2,TZ-03_Mpwapwa_fune_2022,TZ-03_Mpwapwa_fune_2022_05,TZ-03_Mpwapwa_fune_2022_Q2
184,VBS85376,TZ_DOM_32,Joel Odero,Tanzania,Mpwapwa,2022,5,-6.272,36.377,F,1236-VO-TZ-OKUMU-VMF00261,1.3,2,TZA,Dodoma,TZ-03,Mpwapwa,funestus,TZ-03_fune_2022,TZ-03_fune_2022_05,TZ-03_fune_2022_Q2,TZ-03_Mpwapwa_fune_2022,TZ-03_Mpwapwa_fune_2022_05,TZ-03_Mpwapwa_fune_2022_Q2
185,VBS85378,TZ_DOM_29,Joel Odero,Tanzania,Mpwapwa,2022,5,-6.272,36.377,F,1236-VO-TZ-OKUMU-VMF00261,1.3,2,TZA,Dodoma,TZ-03,Mpwapwa,funestus,TZ-03_fune_2022,TZ-03_fune_2022_05,TZ-03_fune_2022_Q2,TZ-03_Mpwapwa_fune_2022,TZ-03_Mpwapwa_fune_2022_05,TZ-03_Mpwapwa_fune_2022_Q2
186,VBS85379,TZ_DOM_28,Joel Odero,Tanzania,Mpwapwa,2022,5,-6.272,36.377,F,1236-VO-TZ-OKUMU-VMF00261,1.3,2,TZA,Dodoma,TZ-03,Mpwapwa,funestus,TZ-03_fune_2022,TZ-03_fune_2022_05,TZ-03_fune_2022_Q2,TZ-03_Mpwapwa_fune_2022,TZ-03_Mpwapwa_fune_2022_05,TZ-03_Mpwapwa_fune_2022_Q2
187,VBS85380,TZ_DOM_27,Joel Odero,Tanzania,Mpwapwa,2022,5,-6.272,36.377,F,1236-VO-TZ-OKUMU-VMF00261,1.3,2,TZA,Dodoma,TZ-03,Mpwapwa,funestus,TZ-03_fune_2022,TZ-03_fune_2022_05,TZ-03_fune_2022_Q2,TZ-03_Mpwapwa_fune_2022,TZ-03_Mpwapwa_fune_2022_05,TZ-03_Mpwapwa_fune_2022_Q2
188,VBS85381,TZ_DOM_26,Joel Odero,Tanzania,Mpwapwa,2022,5,-6.272,36.377,F,1236-VO-TZ-OKUMU-VMF00261,1.3,2,TZA,Dodoma,TZ-03,Mpwapwa,funestus,TZ-03_fune_2022,TZ-03_fune_2022_05,TZ-03_fune_2022_Q2,TZ-03_Mpwapwa_fune_2022,TZ-03_Mpwapwa_fune_2022_05,TZ-03_Mpwapwa_fune_2022_Q2
189,VBS85382,TZ_DOM_25,Joel Odero,Tanzania,Mpwapwa,2022,5,-6.272,36.377,F,1236-VO-TZ-OKUMU-VMF00261,1.3,2,TZA,Dodoma,TZ-03,Mpwapwa,funestus,TZ-03_fune_2022,TZ-03_fune_2022_05,TZ-03_fune_2022_Q2,TZ-03_Mpwapwa_fune_2022,TZ-03_Mpwapwa_fune_2022_05,TZ-03_Mpwapwa_fune_2022_Q2
190,VBS85384,TZ_DOM_23,Joel Odero,Tanzania,Mpwapwa,2022,5,-6.272,36.377,F,1236-VO-TZ-OKUMU-VMF00261,1.3,2,TZA,Dodoma,TZ-03,Mpwapwa,funestus,TZ-03_fune_2022,TZ-03_fune_2022_05,TZ-03_fune_2022_Q2,TZ-03_Mpwapwa_fune_2022,TZ-03_Mpwapwa_fune_2022_05,TZ-03_Mpwapwa_fune_2022_Q2
191,VBS85385,TZ_DOM_22,Joel Odero,Tanzania,Mpwapwa,2022,5,-6.272,36.377,F,1236-VO-TZ-OKUMU-VMF00261,1.3,2,TZA,Dodoma,TZ-03,Mpwapwa,funestus,TZ-03_fune_2022,TZ-03_fune_2022_05,TZ-03_fune_2022_Q2,TZ-03_Mpwapwa_fune_2022,TZ-03_Mpwapwa_fune_2022_05,TZ-03_Mpwapwa_fune_2022_Q2
192,VBS85386,TZ_DOM_21,Joel Odero,Tanzania,Mpwapwa,2022,5,-6.272,36.377,F,1236-VO-TZ-OKUMU-VMF00261,1.3,2,TZA,Dodoma,TZ-03,Mpwapwa,funestus,TZ-03_fune_2022,TZ-03_fune_2022_05,TZ-03_fune_2022_Q2,TZ-03_Mpwapwa_fune_2022,TZ-03_Mpwapwa_fune_2022_05,TZ-03_Mpwapwa_fune_2022_Q2
193,VBS85387,TZ_RUV_44,Joel Odero,Tanzania,Nandembo,2022,3,-10.967,37.23,F,1236-VO-TZ-OKUMU-VMF00261,1.3,1,TZA,Ruvuma,TZ-21,Tunduru,funestus,TZ-21_fune_2022,TZ-21_fune_2022_03,TZ-21_fune_2022_Q1,TZ-21_Tunduru_fune_2022,TZ-21_Tunduru_fune_2022_03,TZ-21_Tunduru_fune_2022_Q1
194,VBS85388,TZ_RUV_43,Joel Odero,Tanzania,Nandembo,2022,3,-10.967,37.23,F,1236-VO-TZ-OKUMU-VMF00261,1.3,1,TZA,Ruvuma,TZ-21,Tunduru,funestus,TZ-21_fune_2022,TZ-21_fune_2022_03,TZ-21_fune_2022_Q1,TZ-21_Tunduru_fune_2022,TZ-21_Tunduru_fune_2022_03,TZ-21_Tunduru_fune_2022_Q1
195,VBS85389,TZ_RUV_42,Joel Odero,Tanzania,Nandembo,2022,3,-10.967,37.23,F,1236-VO-TZ-OKUMU-VMF00261,1.3,1,TZA,Ruvuma,TZ-21,Tunduru,funestus,TZ-21_fune_2022,TZ-21_fune_2022_03,TZ-21_fune_2022_Q1,TZ-21_Tunduru_fune_2022,TZ-21_Tunduru_fune_2022_03,TZ-21_Tunduru_fune_2022_Q1
196,VBS85390,TZ_RUV_41,Joel Odero,Tanzania,Nandembo,2022,3,-10.967,37.23,F,1236-VO-TZ-OKUMU-VMF00261,1.3,1,TZA,Ruvuma,TZ-21,Tunduru,funestus,TZ-21_fune_2022,TZ-21_fune_2022_03,TZ-21_fune_2022_Q1,TZ-21_Tunduru_fune_2022,TZ-21_Tunduru_fune_2022_03,TZ-21_Tunduru_fune_2022_Q1
197,VBS85391,TZ_RUV_40,Joel Odero,Tanzania,Nandembo,2022,3,-10.967,37.23,F,1236-VO-TZ-OKUMU-VMF00261,1.3,1,TZA,Ruvuma,TZ-21,Tunduru,funestus,TZ-21_fune_2022,TZ-21_fune_2022_03,TZ-21_fune_2022_Q1,TZ-21_Tunduru_fune_2022,TZ-21_Tunduru_fune_2022_03,TZ-21_Tunduru_fune_2022_Q1
198,VBS85392,TZ_RUV_39,Joel Odero,Tanzania,Nandembo,2022,3,-10.967,37.23,F,1236-VO-TZ-OKUMU-VMF00261,1.3,1,TZA,Ruvuma,TZ-21,Tunduru,funestus,TZ-21_fune_2022,TZ-21_fune_2022_03,TZ-21_fune_2022_Q1,TZ-21_Tunduru_fune_2022,TZ-21_Tunduru_fune_2022_03,TZ-21_Tunduru_fune_2022_Q1
199,VBS85393,TZ_RUV_38,Joel Odero,Tanzania,Nandembo,2022,3,-10.967,37.23,F,1236-VO-TZ-OKUMU-VMF00261,1.3,1,TZA,Ruvuma,TZ-21,Tunduru,funestus,TZ-21_fune_2022,TZ-21_fune_2022_03,TZ-21_fune_2022_Q1,TZ-21_Tunduru_fune_2022,TZ-21_Tunduru_fune_2022_03,TZ-21_Tunduru_fune_2022_Q1
200,VBS85394,TZ_RUV_37,Joel Odero,Tanzania,Nandembo,2022,3,-10.967,37.23,F,1236-VO-TZ-OKUMU-VMF00261,1.3,1,TZA,Ruvuma,TZ-21,Tunduru,funestus,TZ-21_fune_2022,TZ-21_fune_2022_03,TZ-21_fune_2022_Q1,TZ-21_Tunduru_fune_2022,TZ-21_Tunduru_fune_2022_03,TZ-21_Tunduru_fune_2022_Q1
201,VBS85395,TZ_RUV_36,Joel Odero,Tanzania,Nandembo,2022,3,-10.967,37.23,F,1236-VO-TZ-OKUMU-VMF00261,1.3,1,TZA,Ruvuma,TZ-21,Tunduru,funestus,TZ-21_fune_2022,TZ-21_fune_2022_03,TZ-21_fune_2022_Q1,TZ-21_Tunduru_fune_2022,TZ-21_Tunduru_fune_2022_03,TZ-21_Tunduru_fune_2022_Q1
202,VBS85396,TZ_RUV_35,Joel Odero,Tanzania,Nandembo,2022,3,-10.967,37.23,F,1236-VO-TZ-OKUMU-VMF00261,1.3,1,TZA,Ruvuma,TZ-21,Tunduru,funestus,TZ-21_fune_2022,TZ-21_fune_2022_03,TZ-21_fune_2022_Q1,TZ-21_Tunduru_fune_2022,TZ-21_Tunduru_fune_2022_03,TZ-21_Tunduru_fune_2022_Q1
203,VBS85397,TZ_RUV_34,Joel Odero,Tanzania,Nandembo,2022,3,-10.967,37.23,F,1236-VO-TZ-OKUMU-VMF00261,1.3,1,TZA,Ruvuma,TZ-21,Tunduru,funestus,TZ-21_fune_2022,TZ-21_fune_2022_03,TZ-21_fune_2022_Q1,TZ-21_Tunduru_fune_2022,TZ-21_Tunduru_fune_2022_03,TZ-21_Tunduru_fune_2022_Q1
204,VBS85398,TZ_RUV_33,Joel Odero,Tanzania,Nandembo,2022,3,-10.967,37.23,F,1236-VO-TZ-OKUMU-VMF00261,1.3,1,TZA,Ruvuma,TZ-21,Tunduru,funestus,TZ-21_fune_2022,TZ-21_fune_2022_03,TZ-21_fune_2022_Q1,TZ-21_Tunduru_fune_2022,TZ-21_Tunduru_fune_2022_03,TZ-21_Tunduru_fune_2022_Q1
205,VBS85399,TZ_RUV_32,Joel Odero,Tanzania,Nandembo,2022,3,-10.967,37.23,F,1236-VO-TZ-OKUMU-VMF00261,1.3,1,TZA,Ruvuma,TZ-21,Tunduru,funestus,TZ-21_fune_2022,TZ-21_fune_2022_03,TZ-21_fune_2022_Q1,TZ-21_Tunduru_fune_2022,TZ-21_Tunduru_fune_2022_03,TZ-21_Tunduru_fune_2022_Q1
206,VBS85400,TZ_RUV_31,Joel Odero,Tanzania,Nandembo,2022,3,-10.967,37.23,F,1236-VO-TZ-OKUMU-VMF00261,1.3,1,TZA,Ruvuma,TZ-21,Tunduru,funestus,TZ-21_fune_2022,TZ-21_fune_2022_03,TZ-21_fune_2022_Q1,TZ-21_Tunduru_fune_2022,TZ-21_Tunduru_fune_2022_03,TZ-21_Tunduru_fune_2022_Q1
207,VBS85401,TZ_RUV_30,Joel Odero,Tanzania,Nandembo,2022,3,-10.967,37.23,F,1236-VO-TZ-OKUMU-VMF00261,1.3,1,TZA,Ruvuma,TZ-21,Tunduru,funestus,TZ-21_fune_2022,TZ-21_fune_2022_03,TZ-21_fune_2022_Q1,TZ-21_Tunduru_fune_2022,TZ-21_Tunduru_fune_2022_03,TZ-21_Tunduru_fune_2022_Q1
208,VBS85402,TZ_RUV_29,Joel Odero,Tanzania,Nandembo,2022,3,-10.967,37.23,F,1236-VO-TZ-OKUMU-VMF00261,1.3,1,TZA,Ruvuma,TZ-21,Tunduru,funestus,TZ-21_fune_2022,TZ-21_fune_2022_03,TZ-21_fune_2022_Q1,TZ-21_Tunduru_fune_2022,TZ-21_Tunduru_fune_2022_03,TZ-21_Tunduru_fune_2022_Q1
209,VBS85403,TZ_RUV_28,Joel Odero,Tanzania,Nandembo,2022,3,-10.967,37.23,F,1236-VO-TZ-OKUMU-VMF00261,1.3,1,TZA,Ruvuma,TZ-21,Tunduru,funestus,TZ-21_fune_2022,TZ-21_fune_2022_03,TZ-21_fune_2022_Q1,TZ-21_Tunduru_fune_2022,TZ-21_Tunduru_fune_2022_03,TZ-21_Tunduru_fune_2022_Q1
210,VBS85404,TZ_RUV_24,Joel Odero,Tanzania,Nandembo,2022,3,-10.967,37.23,F,1236-VO-TZ-OKUMU-VMF00261,1.3,1,TZA,Ruvuma,TZ-21,Tunduru,funestus,TZ-21_fune_2022,TZ-21_fune_2022_03,TZ-21_fune_2022_Q1,TZ-21_Tunduru_fune_2022,TZ-21_Tunduru_fune_2022_03,TZ-21_Tunduru_fune_2022_Q1
211,VBS85405,TZ_RUV_23,Joel Odero,Tanzania,Nandembo,2022,3,-10.967,37.23,F,1236-VO-TZ-OKUMU-VMF00261,1.3,1,TZA,Ruvuma,TZ-21,Tunduru,funestus,TZ-21_fune_2022,TZ-21_fune_2022_03,TZ-21_fune_2022_Q1,TZ-21_Tunduru_fune_2022,TZ-21_Tunduru_fune_2022_03,TZ-21_Tunduru_fune_2022_Q1
212,VBS85406,TZ_RUV_22,Joel Odero,Tanzania,Nandembo,2022,3,-10.967,37.23,F,1236-VO-TZ-OKUMU-VMF00261,1.3,1,TZA,Ruvuma,TZ-21,Tunduru,funestus,TZ-21_fune_2022,TZ-21_fune_2022_03,TZ-21_fune_2022_Q1,TZ-21_Tunduru_fune_2022,TZ-21_Tunduru_fune_2022_03,TZ-21_Tunduru_fune_2022_Q1
213,VBS85407,TZ_RUV_21,Joel Odero,Tanzania,Nandembo,2022,3,-10.967,37.23,F,1236-VO-TZ-OKUMU-VMF00261,1.3,1,TZA,Ruvuma,TZ-21,Tunduru,funestus,TZ-21_fune_2022,TZ-21_fune_2022_03,TZ-21_fune_2022_Q1,TZ-21_Tunduru_fune_2022,TZ-21_Tunduru_fune_2022_03,TZ-21_Tunduru_fune_2022_Q1
214,VBS85408,TZ_KAG_64,Joel Odero,Tanzania,Byeju,2022,1,-1.08,31.376,F,1236-VO-TZ-OKUMU-VMF00261,1.3,1,TZA,Kagera,TZ-05,Missenyi,funestus,TZ-05_fune_2022,TZ-05_fune_2022_01,TZ-05_fune_2022_Q1,TZ-05_Missenyi_fune_2022,TZ-05_Missenyi_fune_2022_01,TZ-05_Missenyi_fune_2022_Q1
215,VBS85409,TZ_KAG_63,Joel Odero,Tanzania,Byeju,2022,1,-1.08,31.376,F,1236-VO-TZ-OKUMU-VMF00261,1.3,1,TZA,Kagera,TZ-05,Missenyi,funestus,TZ-05_fune_2022,TZ-05_fune_2022_01,TZ-05_fune_2022_Q1,TZ-05_Missenyi_fune_2022,TZ-05_Missenyi_fune_2022_01,TZ-05_Missenyi_fune_2022_Q1
216,VBS85410,TZ_KAG_62,Joel Odero,Tanzania,Byeju,2022,1,-1.08,31.376,F,1236-VO-TZ-OKUMU-VMF00261,1.3,1,TZA,Kagera,TZ-05,Missenyi,funestus,TZ-05_fune_2022,TZ-05_fune_2022_01,TZ-05_fune_2022_Q1,TZ-05_Missenyi_fune_2022,TZ-05_Missenyi_fune_2022_01,TZ-05_Missenyi_fune_2022_Q1
217,VBS85411,TZ_KAG_61,Joel Odero,Tanzania,Byeju,2022,1,-1.08,31.376,F,1236-VO-TZ-OKUMU-VMF00261,1.3,1,TZA,Kagera,TZ-05,Missenyi,funestus,TZ-05_fune_2022,TZ-05_fune_2022_01,TZ-05_fune_2022_Q1,TZ-05_Missenyi_fune_2022,TZ-05_Missenyi_fune_2022_01,TZ-05_Missenyi_fune_2022_Q1
218,VBS85412,TZ_KAG_60,Joel Odero,Tanzania,Byeju,2022,1,-1.08,31.376,F,1236-VO-TZ-OKUMU-VMF00261,1.3,1,TZA,Kagera,TZ-05,Missenyi,funestus,TZ-05_fune_2022,TZ-05_fune_2022_01,TZ-05_fune_2022_Q1,TZ-05_Missenyi_fune_2022,TZ-05_Missenyi_fune_2022_01,TZ-05_Missenyi_fune_2022_Q1
219,VBS85413,TZ_KAG_59,Joel Odero,Tanzania,Byeju,2022,1,-1.08,31.376,F,1236-VO-TZ-OKUMU-VMF00261,1.3,1,TZA,Kagera,TZ-05,Missenyi,funestus,TZ-05_fune_2022,TZ-05_fune_2022_01,TZ-05_fune_2022_Q1,TZ-05_Missenyi_fune_2022,TZ-05_Missenyi_fune_2022_01,TZ-05_Missenyi_fune_2022_Q1
220,VBS85414,TZ_KAG_58,Joel Odero,Tanzania,Byeju,2022,1,-1.08,31.376,F,1236-VO-TZ-OKUMU-VMF00261,1.3,1,TZA,Kagera,TZ-05,Missenyi,funestus,TZ-05_fune_2022,TZ-05_fune_2022_01,TZ-05_fune_2022_Q1,TZ-05_Missenyi_fune_2022,TZ-05_Missenyi_fune_2022_01,TZ-05_Missenyi_fune_2022_Q1
221,VBS85415,TZ_KAG_57,Joel Odero,Tanzania,Byeju,2022,1,-1.08,31.376,F,1236-VO-TZ-OKUMU-VMF00261,1.3,1,TZA,Kagera,TZ-05,Missenyi,funestus,TZ-05_fune_2022,TZ-05_fune_2022_01,TZ-05_fune_2022_Q1,TZ-05_Missenyi_fune_2022,TZ-05_Missenyi_fune_2022_01,TZ-05_Missenyi_fune_2022_Q1
222,VBS85416,TZ_KAG_56,Joel Odero,Tanzania,Byeju,2022,1,-1.08,31.376,F,1236-VO-TZ-OKUMU-VMF00261,1.3,1,TZA,Kagera,TZ-05,Missenyi,funestus,TZ-05_fune_2022,TZ-05_fune_2022_01,TZ-05_fune_2022_Q1,TZ-05_Missenyi_fune_2022,TZ-05_Missenyi_fune_2022_01,TZ-05_Missenyi_fune_2022_Q1
223,VBS85417,TZ_KAG_55,Joel Odero,Tanzania,Byeju,2022,1,-1.08,31.376,F,1236-VO-TZ-OKUMU-VMF00261,1.3,1,TZA,Kagera,TZ-05,Missenyi,funestus,TZ-05_fune_2022,TZ-05_fune_2022_01,TZ-05_fune_2022_Q1,TZ-05_Missenyi_fune_2022,TZ-05_Missenyi_fune_2022_01,TZ-05_Missenyi_fune_2022_Q1
224,VBS85419,TZ_RUV_27,Joel Odero,Tanzania,Nandembo,2022,3,-10.967,37.23,F,1236-VO-TZ-OKUMU-VMF00261,1.3,1,TZA,Ruvuma,TZ-21,Tunduru,funestus,TZ-21_fune_2022,TZ-21_fune_2022_03,TZ-21_fune_2022_Q1,TZ-21_Tunduru_fune_2022,TZ-21_Tunduru_fune_2022_03,TZ-21_Tunduru_fune_2022_Q1
225,VBS85420,TZ_RUV_26,Joel Odero,Tanzania,Nandembo,2022,3,-10.967,37.23,F,1236-VO-TZ-OKUMU-VMF00261,1.3,1,TZA,Ruvuma,TZ-21,Tunduru,funestus,TZ-21_fune_2022,TZ-21_fune_2022_03,TZ-21_fune_2022_Q1,TZ-21_Tunduru_fune_2022,TZ-21_Tunduru_fune_2022_03,TZ-21_Tunduru_fune_2022_Q1
226,VBS85421,TZ_RUV_25,Joel Odero,Tanzania,Nandembo,2022,3,-10.967,37.23,F,1236-VO-TZ-OKUMU-VMF00261,1.3,1,TZA,Ruvuma,TZ-21,Tunduru,funestus,TZ-21_fune_2022,TZ-21_fune_2022_03,TZ-21_fune_2022_Q1,TZ-21_Tunduru_fune_2022,TZ-21_Tunduru_fune_2022_03,TZ-21_Tunduru_fune_2022_Q1
227,VBS85422,TZ_KAG_53,Joel Odero,Tanzania,Byeju,2022,1,-1.08,31.376,F,1236-VO-TZ-OKUMU-VMF00261,1.3,1,TZA,Kagera,TZ-05,Missenyi,funestus,TZ-05_fune_2022,TZ-05_fune_2022_01,TZ-05_fune_2022_Q1,TZ-05_Missenyi_fune_2022,TZ-05_Missenyi_fune_2022_01,TZ-05_Missenyi_fune_2022_Q1
228,VBS85423,TZ_KAG_52,Joel Odero,Tanzania,Byeju,2022,1,-1.08,31.376,F,1236-VO-TZ-OKUMU-VMF00261,1.3,1,TZA,Kagera,TZ-05,Missenyi,funestus,TZ-05_fune_2022,TZ-05_fune_2022_01,TZ-05_fune_2022_Q1,TZ-05_Missenyi_fune_2022,TZ-05_Missenyi_fune_2022_01,TZ-05_Missenyi_fune_2022_Q1
229,VBS85425,TZ_MTW_42,Joel Odero,Tanzania,Mahurunga,2022,10,-10.538,40.279,F,1236-VO-TZ-OKUMU-VMF00261,1.3,4,TZA,Mtwara,TZ-17,Mtwara,funestus,TZ-17_fune_2022,TZ-17_fune_2022_10,TZ-17_fune_2022_Q4,TZ-17_Mtwara_fune_2022,TZ-17_Mtwara_fune_2022_10,TZ-17_Mtwara_fune_2022_Q4
230,VBS85426,TZ_MTW_37,Joel Odero,Tanzania,Mahurunga,2022,10,-10.538,40.279,F,1236-VO-TZ-OKUMU-VMF00261,1.3,4,TZA,Mtwara,TZ-17,Mtwara,funestus,TZ-17_fune_2022,TZ-17_fune_2022_10,TZ-17_fune_2022_Q4,TZ-17_Mtwara_fune_2022,TZ-17_Mtwara_fune_2022_10,TZ-17_Mtwara_fune_2022_Q4
231,VBS85427,TZ_MTW_36,Joel Odero,Tanzania,Mahurunga,2022,10,-10.538,40.279,F,1236-VO-TZ-OKUMU-VMF00261,1.3,4,TZA,Mtwara,TZ-17,Mtwara,funestus,TZ-17_fune_2022,TZ-17_fune_2022_10,TZ-17_fune_2022_Q4,TZ-17_Mtwara_fune_2022,TZ-17_Mtwara_fune_2022_10,TZ-17_Mtwara_fune_2022_Q4
232,VBS85428,TZ_MTW_30,Joel Odero,Tanzania,Mahurunga,2022,10,-10.538,40.279,F,1236-VO-TZ-OKUMU-VMF00261,1.3,4,TZA,Mtwara,TZ-17,Mtwara,funestus,TZ-17_fune_2022,TZ-17_fune_2022_10,TZ-17_fune_2022_Q4,TZ-17_Mtwara_fune_2022,TZ-17_Mtwara_fune_2022_10,TZ-17_Mtwara_fune_2022_Q4
233,VBS85429,TZ_MTW_29,Joel Odero,Tanzania,Mahurunga,2022,10,-10.538,40.279,F,1236-VO-TZ-OKUMU-VMF00261,1.3,4,TZA,Mtwara,TZ-17,Mtwara,funestus,TZ-17_fune_2022,TZ-17_fune_2022_10,TZ-17_fune_2022_Q4,TZ-17_Mtwara_fune_2022,TZ-17_Mtwara_fune_2022_10,TZ-17_Mtwara_fune_2022_Q4
234,VBS85430,TZ_MTW_28,Joel Odero,Tanzania,Mahurunga,2022,10,-10.538,40.279,F,1236-VO-TZ-OKUMU-VMF00261,1.3,4,TZA,Mtwara,TZ-17,Mtwara,funestus,TZ-17_fune_2022,TZ-17_fune_2022_10,TZ-17_fune_2022_Q4,TZ-17_Mtwara_fune_2022,TZ-17_Mtwara_fune_2022_10,TZ-17_Mtwara_fune_2022_Q4
235,VBS85431,TZ_MTW_26,Joel Odero,Tanzania,Mahurunga,2022,10,-10.538,40.279,F,1236-VO-TZ-OKUMU-VMF00261,1.3,4,TZA,Mtwara,TZ-17,Mtwara,funestus,TZ-17_fune_2022,TZ-17_fune_2022_10,TZ-17_fune_2022_Q4,TZ-17_Mtwara_fune_2022,TZ-17_Mtwara_fune_2022_10,TZ-17_Mtwara_fune_2022_Q4
236,VBS85432,TZ_MTW_25,Joel Odero,Tanzania,Mahurunga,2022,10,-10.538,40.279,F,1236-VO-TZ-OKUMU-VMF00261,1.3,4,TZA,Mtwara,TZ-17,Mtwara,funestus,TZ-17_fune_2022,TZ-17_fune_2022_10,TZ-17_fune_2022_Q4,TZ-17_Mtwara_fune_2022,TZ-17_Mtwara_fune_2022_10,TZ-17_Mtwara_fune_2022_Q4
237,VBS85433,TZ_MOR_54,Joel Odero,Tanzania,Ikwambi,2023,3,-7.984,36.818,F,1236-VO-TZ-OKUMU-VMF00261,1.3,1,TZA,Morogoro,TZ-16,Kilombero,funestus,TZ-16_fune_2023,TZ-16_fune_2023_03,TZ-16_fune_2023_Q1,TZ-16_Kilombero_fune_2023,TZ-16_Kilombero_fune_2023_03,TZ-16_Kilombero_fune_2023_Q1
238,VBS85434,TZ_MOR_53,Joel Odero,Tanzania,Ikwambi,2023,3,-7.984,36.818,F,1236-VO-TZ-OKUMU-VMF00261,1.3,1,TZA,Morogoro,TZ-16,Kilombero,funestus,TZ-16_fune_2023,TZ-16_fune_2023_03,TZ-16_fune_2023_Q1,TZ-16_Kilombero_fune_2023,TZ-16_Kilombero_fune_2023_03,TZ-16_Kilombero_fune_2023_Q1
239,VBS85435,TZ_MOR_52,Joel Odero,Tanzania,Ikwambi,2023,3,-7.984,36.818,F,1236-VO-TZ-OKUMU-VMF00261,1.3,1,TZA,Morogoro,TZ-16,Kilombero,funestus,TZ-16_fune_2023,TZ-16_fune_2023_03,TZ-16_fune_2023_Q1,TZ-16_Kilombero_fune_2023,TZ-16_Kilombero_fune_2023_03,TZ-16_Kilombero_fune_2023_Q1
240,VBS85436,TZ_MOR_51,Joel Odero,Tanzania,Ikwambi,2023,3,-7.984,36.818,F,1236-VO-TZ-OKUMU-VMF00261,1.3,1,TZA,Morogoro,TZ-16,Kilombero,funestus,TZ-16_fune_2023,TZ-16_fune_2023_03,TZ-16_fune_2023_Q1,TZ-16_Kilombero_fune_2023,TZ-16_Kilombero_fune_2023_03,TZ-16_Kilombero_fune_2023_Q1
241,VBS85437,TZ_MOR_50,Joel Odero,Tanzania,Ikwambi,2023,3,-7.984,36.818,F,1236-VO-TZ-OKUMU-VMF00261,1.3,1,TZA,Morogoro,TZ-16,Kilombero,funestus,TZ-16_fune_2023,TZ-16_fune_2023_03,TZ-16_fune_2023_Q1,TZ-16_Kilombero_fune_2023,TZ-16_Kilombero_fune_2023_03,TZ-16_Kilombero_fune_2023_Q1
242,VBS85438,TZ_MOR_49,Joel Odero,Tanzania,Ikwambi,2023,3,-7.984,36.818,F,1236-VO-TZ-OKUMU-VMF00261,1.3,1,TZA,Morogoro,TZ-16,Kilombero,funestus,TZ-16_fune_2023,TZ-16_fune_2023_03,TZ-16_fune_2023_Q1,TZ-16_Kilombero_fune_2023,TZ-16_Kilombero_fune_2023_03,TZ-16_Kilombero_fune_2023_Q1
243,VBS85439,TZ_MOR_48,Joel Odero,Tanzania,Ikwambi,2023,3,-7.984,36.818,F,1236-VO-TZ-OKUMU-VMF00261,1.3,1,TZA,Morogoro,TZ-16,Kilombero,funestus,TZ-16_fune_2023,TZ-16_fune_2023_03,TZ-16_fune_2023_Q1,TZ-16_Kilombero_fune_2023,TZ-16_Kilombero_fune_2023_03,TZ-16_Kilombero_fune_2023_Q1
244,VBS85440,TZ_MOR_47,Joel Odero,Tanzania,Ikwambi,2023,3,-7.984,36.818,F,1236-VO-TZ-OKUMU-VMF00261,1.3,1,TZA,Morogoro,TZ-16,Kilombero,funestus,TZ-16_fune_2023,TZ-16_fune_2023_03,TZ-16_fune_2023_Q1,TZ-16_Kilombero_fune_2023,TZ-16_Kilombero_fune_2023_03,TZ-16_Kilombero_fune_2023_Q1
245,VBS85441,TZ_MOR_45,Joel Odero,Tanzania,Ikwambi,2023,3,-7.984,36.818,F,1236-VO-TZ-OKUMU-VMF00261,1.3,1,TZA,Morogoro,TZ-16,Kilombero,funestus,TZ-16_fune_2023,TZ-16_fune_2023_03,TZ-16_fune_2023_Q1,TZ-16_Kilombero_fune_2023,TZ-16_Kilombero_fune_2023_03,TZ-16_Kilombero_fune_2023_Q1
246,VBS85442,TZ_MOR_44,Joel Odero,Tanzania,Ikwambi,2023,3,-7.984,36.818,F,1236-VO-TZ-OKUMU-VMF00261,1.3,1,TZA,Morogoro,TZ-16,Kilombero,funestus,TZ-16_fune_2023,TZ-16_fune_2023_03,TZ-16_fune_2023_Q1,TZ-16_Kilombero_fune_2023,TZ-16_Kilombero_fune_2023_03,TZ-16_Kilombero_fune_2023_Q1
247,VBS85443,TZ_MOR_43,Joel Odero,Tanzania,Ikwambi,2023,3,-7.984,36.818,F,1236-VO-TZ-OKUMU-VMF00261,1.3,1,TZA,Morogoro,TZ-16,Kilombero,funestus,TZ-16_fune_2023,TZ-16_fune_2023_03,TZ-16_fune_2023_Q1,TZ-16_Kilombero_fune_2023,TZ-16_Kilombero_fune_2023_03,TZ-16_Kilombero_fune_2023_Q1
248,VBS85444,TZ_MOR_42,Joel Odero,Tanzania,Ikwambi,2023,3,-7.984,36.818,F,1236-VO-TZ-OKUMU-VMF00261,1.3,1,TZA,Morogoro,TZ-16,Kilombero,funestus,TZ-16_fune_2023,TZ-16_fune_2023_03,TZ-16_fune_2023_Q1,TZ-16_Kilombero_fune_2023,TZ-16_Kilombero_fune_2023_03,TZ-16_Kilombero_fune_2023_Q1
249,VBS85445,TZ_MOR_41,Joel Odero,Tanzania,Ikwambi,2023,3,-7.984,36.818,F,1236-VO-TZ-OKUMU-VMF00261,1.3,1,TZA,Morogoro,TZ-16,Kilombero,funestus,TZ-16_fune_2023,TZ-16_fune_2023_03,TZ-16_fune_2023_Q1,TZ-16_Kilombero_fune_2023,TZ-16_Kilombero_fune_2023_03,TZ-16_Kilombero_fune_2023_Q1
250,VBS85446,TZ_MOR_40,Joel Odero,Tanzania,Ikwambi,2023,3,-7.984,36.818,F,1236-VO-TZ-OKUMU-VMF00261,1.3,1,TZA,Morogoro,TZ-16,Kilombero,funestus,TZ-16_fune_2023,TZ-16_fune_2023_03,TZ-16_fune_2023_Q1,TZ-16_Kilombero_fune_2023,TZ-16_Kilombero_fune_2023_03,TZ-16_Kilombero_fune_2023_Q1
251,VBS85447,TZ_MOR_39,Joel Odero,Tanzania,Ikwambi,2023,3,-7.984,36.818,F,1236-VO-TZ-OKUMU-VMF00261,1.3,1,TZA,Morogoro,TZ-16,Kilombero,funestus,TZ-16_fune_2023,TZ-16_fune_2023_03,TZ-16_fune_2023_Q1,TZ-16_Kilombero_fune_2023,TZ-16_Kilombero_fune_2023_03,TZ-16_Kilombero_fune_2023_Q1
252,VBS85448,TZ_MOR_38,Joel Odero,Tanzania,Ikwambi,2023,3,-7.984,36.818,F,1236-VO-TZ-OKUMU-VMF00261,1.3,1,TZA,Morogoro,TZ-16,Kilombero,funestus,TZ-16_fune_2023,TZ-16_fune_2023_03,TZ-16_fune_2023_Q1,TZ-16_Kilombero_fune_2023,TZ-16_Kilombero_fune_2023_03,TZ-16_Kilombero_fune_2023_Q1
253,VBS85449,TZ_MOR_37,Joel Odero,Tanzania,Ikwambi,2023,3,-7.984,36.818,F,1236-VO-TZ-OKUMU-VMF00261,1.3,1,TZA,Morogoro,TZ-16,Kilombero,funestus,TZ-16_fune_2023,TZ-16_fune_2023_03,TZ-16_fune_2023_Q1,TZ-16_Kilombero_fune_2023,TZ-16_Kilombero_fune_2023_03,TZ-16_Kilombero_fune_2023_Q1
254,VBS85450,TZ_MOR_36,Joel Odero,Tanzania,Ikwambi,2023,3,-7.984,36.818,F,1236-VO-TZ-OKUMU-VMF00261,1.3,1,TZA,Morogoro,TZ-16,Kilombero,funestus,TZ-16_fune_2023,TZ-16_fune_2023_03,TZ-16_fune_2023_Q1,TZ-16_Kilombero_fune_2023,TZ-16_Kilombero_fune_2023_03,TZ-16_Kilombero_fune_2023_Q1
255,VBS85451,TZ_MOR_35,Joel Odero,Tanzania,Ikwambi,2023,3,-7.984,36.818,F,1236-VO-TZ-OKUMU-VMF00261,1.3,1,TZA,Morogoro,TZ-16,Kilombero,funestus,TZ-16_fune_2023,TZ-16_fune_2023_03,TZ-16_fune_2023_Q1,TZ-16_Kilombero_fune_2023,TZ-16_Kilombero_fune_2023_03,TZ-16_Kilombero_fune_2023_Q1
256,VBS85452,TZ_MOR_34,Joel Odero,Tanzania,Ikwambi,2023,3,-7.984,36.818,F,1236-VO-TZ-OKUMU-VMF00261,1.3,1,TZA,Morogoro,TZ-16,Kilombero,funestus,TZ-16_fune_2023,TZ-16_fune_2023_03,TZ-16_fune_2023_Q1,TZ-16_Kilombero_fune_2023,TZ-16_Kilombero_fune_2023_03,TZ-16_Kilombero_fune_2023_Q1
257,VBS85453,TZ_MOR_33,Joel Odero,Tanzania,Ikwambi,2023,3,-7.984,36.818,F,1236-VO-TZ-OKUMU-VMF00261,1.3,1,TZA,Morogoro,TZ-16,Kilombero,funestus,TZ-16_fune_2023,TZ-16_fune_2023_03,TZ-16_fune_2023_Q1,TZ-16_Kilombero_fune_2023,TZ-16_Kilombero_fune_2023_03,TZ-16_Kilombero_fune_2023_Q1
258,VBS85454,TZ_MOR_32,Joel Odero,Tanzania,Ikwambi,2023,3,-7.984,36.818,F,1236-VO-TZ-OKUMU-VMF00261,1.3,1,TZA,Morogoro,TZ-16,Kilombero,funestus,TZ-16_fune_2023,TZ-16_fune_2023_03,TZ-16_fune_2023_Q1,TZ-16_Kilombero_fune_2023,TZ-16_Kilombero_fune_2023_03,TZ-16_Kilombero_fune_2023_Q1
259,VBS85455,TZ_MOR_31,Joel Odero,Tanzania,Ikwambi,2023,3,-7.984,36.818,F,1236-VO-TZ-OKUMU-VMF00261,1.3,1,TZA,Morogoro,TZ-16,Kilombero,funestus,TZ-16_fune_2023,TZ-16_fune_2023_03,TZ-16_fune_2023_Q1,TZ-16_Kilombero_fune_2023,TZ-16_Kilombero_fune_2023_03,TZ-16_Kilombero_fune_2023_Q1
260,VBS85456,TZ_KAT_54,Joel Odero,Tanzania,Vikonge,2022,3,-6.091,30.936,F,1236-VO-TZ-OKUMU-VMF00261,1.3,1,TZA,Katavi,TZ-28,Mpanda,funestus,TZ-28_fune_2022,TZ-28_fune_2022_03,TZ-28_fune_2022_Q1,TZ-28_Mpanda_fune_2022,TZ-28_Mpanda_fune_2022_03,TZ-28_Mpanda_fune_2022_Q1
261,VBS85457,TZ_KAT_53,Joel Odero,Tanzania,Vikonge,2022,3,-6.091,30.936,F,1236-VO-TZ-OKUMU-VMF00261,1.3,1,TZA,Katavi,TZ-28,Mpanda,funestus,TZ-28_fune_2022,TZ-28_fune_2022_03,TZ-28_fune_2022_Q1,TZ-28_Mpanda_fune_2022,TZ-28_Mpanda_fune_2022_03,TZ-28_Mpanda_fune_2022_Q1
262,VBS85458,TZ_KAT_52,Joel Odero,Tanzania,Vikonge,2022,3,-6.091,30.936,F,1236-VO-TZ-OKUMU-VMF00261,1.3,1,TZA,Katavi,TZ-28,Mpanda,funestus,TZ-28_fune_2022,TZ-28_fune_2022_03,TZ-28_fune_2022_Q1,TZ-28_Mpanda_fune_2022,TZ-28_Mpanda_fune_2022_03,TZ-28_Mpanda_fune_2022_Q1
263,VBS85459,TZ_KAT_51,Joel Odero,Tanzania,Vikonge,2022,3,-6.091,30.936,F,1236-VO-TZ-OKUMU-VMF00261,1.3,1,TZA,Katavi,TZ-28,Mpanda,funestus,TZ-28_fune_2022,TZ-28_fune_2022_03,TZ-28_fune_2022_Q1,TZ-28_Mpanda_fune_2022,TZ-28_Mpanda_fune_2022_03,TZ-28_Mpanda_fune_2022_Q1
264,VBS85460,TZ_KAT_50,Joel Odero,Tanzania,Vikonge,2022,3,-6.091,30.936,F,1236-VO-TZ-OKUMU-VMF00261,1.3,1,TZA,Katavi,TZ-28,Mpanda,funestus,TZ-28_fune_2022,TZ-28_fune_2022_03,TZ-28_fune_2022_Q1,TZ-28_Mpanda_fune_2022,TZ-28_Mpanda_fune_2022_03,TZ-28_Mpanda_fune_2022_Q1
265,VBS85461,TZ_KAT_49,Joel Odero,Tanzania,Vikonge,2022,3,-6.091,30.936,F,1236-VO-TZ-OKUMU-VMF00261,1.3,1,TZA,Katavi,TZ-28,Mpanda,funestus,TZ-28_fune_2022,TZ-28_fune_2022_03,TZ-28_fune_2022_Q1,TZ-28_Mpanda_fune_2022,TZ-28_Mpanda_fune_2022_03,TZ-28_Mpanda_fune_2022_Q1
266,VBS85462,TZ_KAT_48,Joel Odero,Tanzania,Vikonge,2022,3,-6.091,30.936,F,1236-VO-TZ-OKUMU-VMF00261,1.3,1,TZA,Katavi,TZ-28,Mpanda,funestus,TZ-28_fune_2022,TZ-28_fune_2022_03,TZ-28_fune_2022_Q1,TZ-28_Mpanda_fune_2022,TZ-28_Mpanda_fune_2022_03,TZ-28_Mpanda_fune_2022_Q1
267,VBS85463,TZ_KAT_47,Joel Odero,Tanzania,Vikonge,2022,3,-6.091,30.936,F,1236-VO-TZ-OKUMU-VMF00261,1.3,1,TZA,Katavi,TZ-28,Mpanda,funestus,TZ-28_fune_2022,TZ-28_fune_2022_03,TZ-28_fune_2022_Q1,TZ-28_Mpanda_fune_2022,TZ-28_Mpanda_fune_2022_03,TZ-28_Mpanda_fune_2022_Q1
268,VBS85464,TZ_KAT_46,Joel Odero,Tanzania,Vikonge,2022,3,-6.091,30.936,F,1236-VO-TZ-OKUMU-VMF00261,1.3,1,TZA,Katavi,TZ-28,Mpanda,funestus,TZ-28_fune_2022,TZ-28_fune_2022_03,TZ-28_fune_2022_Q1,TZ-28_Mpanda_fune_2022,TZ-28_Mpanda_fune_2022_03,TZ-28_Mpanda_fune_2022_Q1
269,VBS85465,TZ_KAT_45,Joel Odero,Tanzania,Vikonge,2022,3,-6.091,30.936,F,1236-VO-TZ-OKUMU-VMF00261,1.3,1,TZA,Katavi,TZ-28,Mpanda,funestus,TZ-28_fune_2022,TZ-28_fune_2022_03,TZ-28_fune_2022_Q1,TZ-28_Mpanda_fune_2022,TZ-28_Mpanda_fune_2022_03,TZ-28_Mpanda_fune_2022_Q1
270,VBS85466,TZ_KAT_44,Joel Odero,Tanzania,Vikonge,2022,3,-6.091,30.936,F,1236-VO-TZ-OKUMU-VMF00261,1.3,1,TZA,Katavi,TZ-28,Mpanda,funestus,TZ-28_fune_2022,TZ-28_fune_2022_03,TZ-28_fune_2022_Q1,TZ-28_Mpanda_fune_2022,TZ-28_Mpanda_fune_2022_03,TZ-28_Mpanda_fune_2022_Q1
271,VBS85467,TZ_KAT_43,Joel Odero,Tanzania,Vikonge,2022,3,-6.091,30.936,F,1236-VO-TZ-OKUMU-VMF00261,1.3,1,TZA,Katavi,TZ-28,Mpanda,funestus,TZ-28_fune_2022,TZ-28_fune_2022_03,TZ-28_fune_2022_Q1,TZ-28_Mpanda_fune_2022,TZ-28_Mpanda_fune_2022_03,TZ-28_Mpanda_fune_2022_Q1
272,VBS85468,TZ_KAT_42,Joel Odero,Tanzania,Vikonge,2022,3,-6.091,30.936,F,1236-VO-TZ-OKUMU-VMF00261,1.3,1,TZA,Katavi,TZ-28,Mpanda,funestus,TZ-28_fune_2022,TZ-28_fune_2022_03,TZ-28_fune_2022_Q1,TZ-28_Mpanda_fune_2022,TZ-28_Mpanda_fune_2022_03,TZ-28_Mpanda_fune_2022_Q1
273,VBS85469,TZ_KAT_41,Joel Odero,Tanzania,Vikonge,2022,3,-6.091,30.936,F,1236-VO-TZ-OKUMU-VMF00261,1.3,1,TZA,Katavi,TZ-28,Mpanda,funestus,TZ-28_fune_2022,TZ-28_fune_2022_03,TZ-28_fune_2022_Q1,TZ-28_Mpanda_fune_2022,TZ-28_Mpanda_fune_2022_03,TZ-28_Mpanda_fune_2022_Q1
274,VBS85470,TZ_KAT_40,Joel Odero,Tanzania,Vikonge,2022,3,-6.091,30.936,F,1236-VO-TZ-OKUMU-VMF00261,1.3,1,TZA,Katavi,TZ-28,Mpanda,funestus,TZ-28_fune_2022,TZ-28_fune_2022_03,TZ-28_fune_2022_Q1,TZ-28_Mpanda_fune_2022,TZ-28_Mpanda_fune_2022_03,TZ-28_Mpanda_fune_2022_Q1
275,VBS85471,TZ_KAT_39,Joel Odero,Tanzania,Vikonge,2022,3,-6.091,30.936,F,1236-VO-TZ-OKUMU-VMF00261,1.3,1,TZA,Katavi,TZ-28,Mpanda,funestus,TZ-28_fune_2022,TZ-28_fune_2022_03,TZ-28_fune_2022_Q1,TZ-28_Mpanda_fune_2022,TZ-28_Mpanda_fune_2022_03,TZ-28_Mpanda_fune_2022_Q1
276,VBS85472,TZ_KAT_38,Joel Odero,Tanzania,Vikonge,2022,3,-6.091,30.936,F,1236-VO-TZ-OKUMU-VMF00261,1.3,1,TZA,Katavi,TZ-28,Mpanda,funestus,TZ-28_fune_2022,TZ-28_fune_2022_03,TZ-28_fune_2022_Q1,TZ-28_Mpanda_fune_2022,TZ-28_Mpanda_fune_2022_03,TZ-28_Mpanda_fune_2022_Q1
277,VBS85473,TZ_KAT_37,Joel Odero,Tanzania,Vikonge,2022,3,-6.091,30.936,F,1236-VO-TZ-OKUMU-VMF00261,1.3,1,TZA,Katavi,TZ-28,Mpanda,funestus,TZ-28_fune_2022,TZ-28_fune_2022_03,TZ-28_fune_2022_Q1,TZ-28_Mpanda_fune_2022,TZ-28_Mpanda_fune_2022_03,TZ-28_Mpanda_fune_2022_Q1
278,VBS85474,TZ_KAG_50,Joel Odero,Tanzania,Byeju,2022,1,-1.08,31.376,F,1236-VO-TZ-OKUMU-VMF00261,1.3,1,TZA,Kagera,TZ-05,Missenyi,funestus,TZ-05_fune_2022,TZ-05_fune_2022_01,TZ-05_fune_2022_Q1,TZ-05_Missenyi_fune_2022,TZ-05_Missenyi_fune_2022_01,TZ-05_Missenyi_fune_2022_Q1
279,VBS85475,TZ_KAG_49,Joel Odero,Tanzania,Byeju,2022,1,-1.08,31.376,F,1236-VO-TZ-OKUMU-VMF00261,1.3,1,TZA,Kagera,TZ-05,Missenyi,funestus,TZ-05_fune_2022,TZ-05_fune_2022_01,TZ-05_fune_2022_Q1,TZ-05_Missenyi_fune_2022,TZ-05_Missenyi_fune_2022_01,TZ-05_Missenyi_fune_2022_Q1
280,VBS85476,TZ_KAG_48,Joel Odero,Tanzania,Byeju,2022,1,-1.08,31.376,F,1236-VO-TZ-OKUMU-VMF00261,1.3,1,TZA,Kagera,TZ-05,Missenyi,funestus,TZ-05_fune_2022,TZ-05_fune_2022_01,TZ-05_fune_2022_Q1,TZ-05_Missenyi_fune_2022,TZ-05_Missenyi_fune_2022_01,TZ-05_Missenyi_fune_2022_Q1
281,VBS85477,TZ_KAG_47,Joel Odero,Tanzania,Byeju,2022,1,-1.08,31.376,F,1236-VO-TZ-OKUMU-VMF00261,1.3,1,TZA,Kagera,TZ-05,Missenyi,funestus,TZ-05_fune_2022,TZ-05_fune_2022_01,TZ-05_fune_2022_Q1,TZ-05_Missenyi_fune_2022,TZ-05_Missenyi_fune_2022_01,TZ-05_Missenyi_fune_2022_Q1
282,VBS85478,TZ_KAG_46,Joel Odero,Tanzania,Byeju,2022,1,-1.08,31.376,F,1236-VO-TZ-OKUMU-VMF00261,1.3,1,TZA,Kagera,TZ-05,Missenyi,funestus,TZ-05_fune_2022,TZ-05_fune_2022_01,TZ-05_fune_2022_Q1,TZ-05_Missenyi_fune_2022,TZ-05_Missenyi_fune_2022_01,TZ-05_Missenyi_fune_2022_Q1
283,VBS85479,TZ_KAG_45,Joel Odero,Tanzania,Byeju,2022,1,-1.08,31.376,F,1236-VO-TZ-OKUMU-VMF00261,1.3,1,TZA,Kagera,TZ-05,Missenyi,funestus,TZ-05_fune_2022,TZ-05_fune_2022_01,TZ-05_fune_2022_Q1,TZ-05_Missenyi_fune_2022,TZ-05_Missenyi_fune_2022_01,TZ-05_Missenyi_fune_2022_Q1
284,VBS85480,TZ_KAG_44,Joel Odero,Tanzania,Byeju,2022,1,-1.08,31.376,F,1236-VO-TZ-OKUMU-VMF00261,1.3,1,TZA,Kagera,TZ-05,Missenyi,funestus,TZ-05_fune_2022,TZ-05_fune_2022_01,TZ-05_fune_2022_Q1,TZ-05_Missenyi_fune_2022,TZ-05_Missenyi_fune_2022_01,TZ-05_Missenyi_fune_2022_Q1
285,VBS85481,TZ_KAG_43,Joel Odero,Tanzania,Byeju,2022,1,-1.08,31.376,F,1236-VO-TZ-OKUMU-VMF00261,1.3,1,TZA,Kagera,TZ-05,Missenyi,funestus,TZ-05_fune_2022,TZ-05_fune_2022_01,TZ-05_fune_2022_Q1,TZ-05_Missenyi_fune_2022,TZ-05_Missenyi_fune_2022_01,TZ-05_Missenyi_fune_2022_Q1
286,VBS85482,TZ_MTW_45,Joel Odero,Tanzania,Mahurunga,2022,10,-10.538,40.279,F,1236-VO-TZ-OKUMU-VMF00261,1.3,4,TZA,Mtwara,TZ-17,Mtwara,funestus,TZ-17_fune_2022,TZ-17_fune_2022_10,TZ-17_fune_2022_Q4,TZ-17_Mtwara_fune_2022,TZ-17_Mtwara_fune_2022_10,TZ-17_Mtwara_fune_2022_Q4
287,VBS85483,TZ_MTW_47,Joel Odero,Tanzania,Mahurunga,2022,10,-10.538,40.279,F,1236-VO-TZ-OKUMU-VMF00261,1.3,4,TZA,Mtwara,TZ-17,Mtwara,funestus,TZ-17_fune_2022,TZ-17_fune_2022_10,TZ-17_fune_2022_Q4,TZ-17_Mtwara_fune_2022,TZ-17_Mtwara_fune_2022_10,TZ-17_Mtwara_fune_2022_Q4
288,VBS85484,TZ_MTW_46,Joel Odero,Tanzania,Mahurunga,2022,10,-10.538,40.279,F,1236-VO-TZ-OKUMU-VMF00261,1.3,4,TZA,Mtwara,TZ-17,Mtwara,funestus,TZ-17_fune_2022,TZ-17_fune_2022_10,TZ-17_fune_2022_Q4,TZ-17_Mtwara_fune_2022,TZ-17_Mtwara_fune_2022_10,TZ-17_Mtwara_fune_2022_Q4
289,VBS85485,TZ_MOR_58,Joel Odero,Tanzania,Ikwambi,2023,3,-7.984,36.818,F,1236-VO-TZ-OKUMU-VMF00261,1.3,1,TZA,Morogoro,TZ-16,Kilombero,funestus,TZ-16_fune_2023,TZ-16_fune_2023_03,TZ-16_fune_2023_Q1,TZ-16_Kilombero_fune_2023,TZ-16_Kilombero_fune_2023_03,TZ-16_Kilombero_fune_2023_Q1
290,VBS85486,TZ_MOR_57,Joel Odero,Tanzania,Ikwambi,2023,3,-7.984,36.818,F,1236-VO-TZ-OKUMU-VMF00261,1.3,1,TZA,Morogoro,TZ-16,Kilombero,funestus,TZ-16_fune_2023,TZ-16_fune_2023_03,TZ-16_fune_2023_Q1,TZ-16_Kilombero_fune_2023,TZ-16_Kilombero_fune_2023_03,TZ-16_Kilombero_fune_2023_Q1
291,VBS85487,TZ_MOR_56,Joel Odero,Tanzania,Ikwambi,2023,3,-7.984,36.818,F,1236-VO-TZ-OKUMU-VMF00261,1.3,1,TZA,Morogoro,TZ-16,Kilombero,funestus,TZ-16_fune_2023,TZ-16_fune_2023_03,TZ-16_fune_2023_Q1,TZ-16_Kilombero_fune_2023,TZ-16_Kilombero_fune_2023_03,TZ-16_Kilombero_fune_2023_Q1
292,VBS85488,TZ_MOR_55,Joel Odero,Tanzania,Ikwambi,2023,3,-7.984,36.818,F,1236-VO-TZ-OKUMU-VMF00261,1.3,1,TZA,Morogoro,TZ-16,Kilombero,funestus,TZ-16_fune_2023,TZ-16_fune_2023_03,TZ-16_fune_2023_Q1,TZ-16_Kilombero_fune_2023,TZ-16_Kilombero_fune_2023_03,TZ-16_Kilombero_fune_2023_Q1
293,VBS85489,TZ_TNG_41,Joel Odero,Tanzania,Kwamwale,2022,5,-5.157,38.729,F,1236-VO-TZ-OKUMU-VMF00261,1.3,2,TZA,Tanga,TZ-25,Muheza,funestus,TZ-25_fune_2022,TZ-25_fune_2022_05,TZ-25_fune_2022_Q2,TZ-25_Muheza_fune_2022,TZ-25_Muheza_fune_2022_05,TZ-25_Muheza_fune_2022_Q2
294,VBS85490,TZ_TNG_40,Joel Odero,Tanzania,Kwamwale,2022,5,-5.157,38.729,F,1236-VO-TZ-OKUMU-VMF00261,1.3,2,TZA,Tanga,TZ-25,Muheza,funestus,TZ-25_fune_2022,TZ-25_fune_2022_05,TZ-25_fune_2022_Q2,TZ-25_Muheza_fune_2022,TZ-25_Muheza_fune_2022_05,TZ-25_Muheza_fune_2022_Q2
295,VBS85491,TZ_TNG_39,Joel Odero,Tanzania,Kwamwale,2022,5,-5.157,38.729,F,1236-VO-TZ-OKUMU-VMF00261,1.3,2,TZA,Tanga,TZ-25,Muheza,funestus,TZ-25_fune_2022,TZ-25_fune_2022_05,TZ-25_fune_2022_Q2,TZ-25_Muheza_fune_2022,TZ-25_Muheza_fune_2022_05,TZ-25_Muheza_fune_2022_Q2
296,VBS85492,TZ_TNG_38,Joel Odero,Tanzania,Kwamwale,2022,5,-5.157,38.729,F,1236-VO-TZ-OKUMU-VMF00261,1.3,2,TZA,Tanga,TZ-25,Muheza,funestus,TZ-25_fune_2022,TZ-25_fune_2022_05,TZ-25_fune_2022_Q2,TZ-25_Muheza_fune_2022,TZ-25_Muheza_fune_2022_05,TZ-25_Muheza_fune_2022_Q2
297,VBS85493,TZ_TNG_37,Joel Odero,Tanzania,Kwamwale,2022,5,-5.157,38.729,F,1236-VO-TZ-OKUMU-VMF00261,1.3,2,TZA,Tanga,TZ-25,Muheza,funestus,TZ-25_fune_2022,TZ-25_fune_2022_05,TZ-25_fune_2022_Q2,TZ-25_Muheza_fune_2022,TZ-25_Muheza_fune_2022_05,TZ-25_Muheza_fune_2022_Q2
298,VBS85494,TZ_MTW_69,Joel Odero,Tanzania,Mahurunga,2022,10,-10.538,40.279,F,1236-VO-TZ-OKUMU-VMF00261,1.3,4,TZA,Mtwara,TZ-17,Mtwara,funestus,TZ-17_fune_2022,TZ-17_fune_2022_10,TZ-17_fune_2022_Q4,TZ-17_Mtwara_fune_2022,TZ-17_Mtwara_fune_2022_10,TZ-17_Mtwara_fune_2022_Q4
299,VBS85495,TZ_MTW_68,Joel Odero,Tanzania,Mahurunga,2022,10,-10.538,40.279,F,1236-VO-TZ-OKUMU-VMF00261,1.3,4,TZA,Mtwara,TZ-17,Mtwara,funestus,TZ-17_fune_2022,TZ-17_fune_2022_10,TZ-17_fune_2022_Q4,TZ-17_Mtwara_fune_2022,TZ-17_Mtwara_fune_2022_10,TZ-17_Mtwara_fune_2022_Q4
300,VBS85496,TZ_MTW_64,Joel Odero,Tanzania,Mahurunga,2022,10,-10.538,40.279,F,1236-VO-TZ-OKUMU-VMF00261,1.3,4,TZA,Mtwara,TZ-17,Mtwara,funestus,TZ-17_fune_2022,TZ-17_fune_2022_10,TZ-17_fune_2022_Q4,TZ-17_Mtwara_fune_2022,TZ-17_Mtwara_fune_2022_10,TZ-17_Mtwara_fune_2022_Q4
301,VBS85497,TZ_MTW_61,Joel Odero,Tanzania,Mahurunga,2022,10,-10.538,40.279,F,1236-VO-TZ-OKUMU-VMF00261,1.3,4,TZA,Mtwara,TZ-17,Mtwara,funestus,TZ-17_fune_2022,TZ-17_fune_2022_10,TZ-17_fune_2022_Q4,TZ-17_Mtwara_fune_2022,TZ-17_Mtwara_fune_2022_10,TZ-17_Mtwara_fune_2022_Q4
302,VBS85498,TZ_MTW_60,Joel Odero,Tanzania,Mahurunga,2022,10,-10.538,40.279,F,1236-VO-TZ-OKUMU-VMF00261,1.3,4,TZA,Mtwara,TZ-17,Mtwara,funestus,TZ-17_fune_2022,TZ-17_fune_2022_10,TZ-17_fune_2022_Q4,TZ-17_Mtwara_fune_2022,TZ-17_Mtwara_fune_2022_10,TZ-17_Mtwara_fune_2022_Q4
303,VBS85499,TZ_MTW_55,Joel Odero,Tanzania,Mahurunga,2022,10,-10.538,40.279,F,1236-VO-TZ-OKUMU-VMF00261,1.3,4,TZA,Mtwara,TZ-17,Mtwara,funestus,TZ-17_fune_2022,TZ-17_fune_2022_10,TZ-17_fune_2022_Q4,TZ-17_Mtwara_fune_2022,TZ-17_Mtwara_fune_2022_10,TZ-17_Mtwara_fune_2022_Q4
304,VBS85500,TZ_MTW_52,Joel Odero,Tanzania,Mahurunga,2022,10,-10.538,40.279,F,1236-VO-TZ-OKUMU-VMF00261,1.3,4,TZA,Mtwara,TZ-17,Mtwara,funestus,TZ-17_fune_2022,TZ-17_fune_2022_10,TZ-17_fune_2022_Q4,TZ-17_Mtwara_fune_2022,TZ-17_Mtwara_fune_2022_10,TZ-17_Mtwara_fune_2022_Q4
305,VBS85501,TZ_MTW_51,Joel Odero,Tanzania,Mahurunga,2022,10,-10.538,40.279,F,1236-VO-TZ-OKUMU-VMF00261,1.3,4,TZA,Mtwara,TZ-17,Mtwara,funestus,TZ-17_fune_2022,TZ-17_fune_2022_10,TZ-17_fune_2022_Q4,TZ-17_Mtwara_fune_2022,TZ-17_Mtwara_fune_2022_10,TZ-17_Mtwara_fune_2022_Q4
306,VBS85502,TZ_MWA_39,Joel Odero,Tanzania,Nyangomango,2023,3,-3.05,32.8,F,1236-VO-TZ-OKUMU-VMF00261,1.3,1,TZA,Mwanza,TZ-18,Misungwi,funestus,TZ-18_fune_2023,TZ-18_fune_2023_03,TZ-18_fune_2023_Q1,TZ-18_Misungwi_fune_2023,TZ-18_Misungwi_fune_2023_03,TZ-18_Misungwi_fune_2023_Q1
307,VBS85503,TZ_MWA_38,Joel Odero,Tanzania,Nyangomango,2023,3,-3.05,32.8,F,1236-VO-TZ-OKUMU-VMF00261,1.3,1,TZA,Mwanza,TZ-18,Misungwi,funestus,TZ-18_fune_2023,TZ-18_fune_2023_03,TZ-18_fune_2023_Q1,TZ-18_Misungwi_fune_2023,TZ-18_Misungwi_fune_2023_03,TZ-18_Misungwi_fune_2023_Q1
308,VBS85504,TZ_MWA_37,Joel Odero,Tanzania,Nyangomango,2023,3,-3.05,32.8,F,1236-VO-TZ-OKUMU-VMF00261,1.3,1,TZA,Mwanza,TZ-18,Misungwi,funestus,TZ-18_fune_2023,TZ-18_fune_2023_03,TZ-18_fune_2023_Q1,TZ-18_Misungwi_fune_2023,TZ-18_Misungwi_fune_2023_03,TZ-18_Misungwi_fune_2023_Q1
309,VBS85506,TZ_MWA_33,Joel Odero,Tanzania,Nyangomango,2023,3,-3.05,32.8,F,1236-VO-TZ-OKUMU-VMF00261,1.3,1,TZA,Mwanza,TZ-18,Misungwi,funestus,TZ-18_fune_2023,TZ-18_fune_2023_03,TZ-18_fune_2023_Q1,TZ-18_Misungwi_fune_2023,TZ-18_Misungwi_fune_2023_03,TZ-18_Misungwi_fune_2023_Q1
310,VBS85508,TZ_MWA_31,Joel Odero,Tanzania,Nyangomango,2023,3,-3.05,32.8,F,1236-VO-TZ-OKUMU-VMF00261,1.3,1,TZA,Mwanza,TZ-18,Misungwi,funestus,TZ-18_fune_2023,TZ-18_fune_2023_03,TZ-18_fune_2023_Q1,TZ-18_Misungwi_fune_2023,TZ-18_Misungwi_fune_2023_03,TZ-18_Misungwi_fune_2023_Q1
311,VBS85509,TZ_MWA_29,Joel Odero,Tanzania,Nyangomango,2023,3,-3.05,32.8,F,1236-VO-TZ-OKUMU-VMF00261,1.3,1,TZA,Mwanza,TZ-18,Misungwi,funestus,TZ-18_fune_2023,TZ-18_fune_2023_03,TZ-18_fune_2023_Q1,TZ-18_Misungwi_fune_2023,TZ-18_Misungwi_fune_2023_03,TZ-18_Misungwi_fune_2023_Q1
312,VBS85510,TZ_MWA_28,Joel Odero,Tanzania,Nyangomango,2023,3,-3.05,32.8,F,1236-VO-TZ-OKUMU-VMF00261,1.3,1,TZA,Mwanza,TZ-18,Misungwi,funestus,TZ-18_fune_2023,TZ-18_fune_2023_03,TZ-18_fune_2023_Q1,TZ-18_Misungwi_fune_2023,TZ-18_Misungwi_fune_2023_03,TZ-18_Misungwi_fune_2023_Q1
313,VBS85511,TZ_MWA_27,Joel Odero,Tanzania,Nyangomango,2023,3,-3.05,32.8,F,1236-VO-TZ-OKUMU-VMF00261,1.3,1,TZA,Mwanza,TZ-18,Misungwi,funestus,TZ-18_fune_2023,TZ-18_fune_2023_03,TZ-18_fune_2023_Q1,TZ-18_Misungwi_fune_2023,TZ-18_Misungwi_fune_2023_03,TZ-18_Misungwi_fune_2023_Q1
314,VBS85512,TZ_MWA_26,Joel Odero,Tanzania,Nyangomango,2023,3,-3.05,32.8,F,1236-VO-TZ-OKUMU-VMF00261,1.3,1,TZA,Mwanza,TZ-18,Misungwi,funestus,TZ-18_fune_2023,TZ-18_fune_2023_03,TZ-18_fune_2023_Q1,TZ-18_Misungwi_fune_2023,TZ-18_Misungwi_fune_2023_03,TZ-18_Misungwi_fune_2023_Q1
315,VBS85513,TZ_MWA_25,Joel Odero,Tanzania,Nyangomango,2023,3,-3.05,32.8,F,1236-VO-TZ-OKUMU-VMF00261,1.3,1,TZA,Mwanza,TZ-18,Misungwi,funestus,TZ-18_fune_2023,TZ-18_fune_2023_03,TZ-18_fune_2023_Q1,TZ-18_Misungwi_fune_2023,TZ-18_Misungwi_fune_2023_03,TZ-18_Misungwi_fune_2023_Q1
316,VBS85514,TZ_MWA_24,Joel Odero,Tanzania,Nyangomango,2023,3,-3.05,32.8,F,1236-VO-TZ-OKUMU-VMF00261,1.3,1,TZA,Mwanza,TZ-18,Misungwi,funestus,TZ-18_fune_2023,TZ-18_fune_2023_03,TZ-18_fune_2023_Q1,TZ-18_Misungwi_fune_2023,TZ-18_Misungwi_fune_2023_03,TZ-18_Misungwi_fune_2023_Q1
317,VBS85515,TZ_MWA_23,Joel Odero,Tanzania,Nyangomango,2023,3,-3.05,32.8,F,1236-VO-TZ-OKUMU-VMF00261,1.3,1,TZA,Mwanza,TZ-18,Misungwi,funestus,TZ-18_fune_2023,TZ-18_fune_2023_03,TZ-18_fune_2023_Q1,TZ-18_Misungwi_fune_2023,TZ-18_Misungwi_fune_2023_03,TZ-18_Misungwi_fune_2023_Q1
318,VBS85516,TZ_MWA_22,Joel Odero,Tanzania,Nyangomango,2023,3,-3.05,32.8,F,1236-VO-TZ-OKUMU-VMF00261,1.3,1,TZA,Mwanza,TZ-18,Misungwi,funestus,TZ-18_fune_2023,TZ-18_fune_2023_03,TZ-18_fune_2023_Q1,TZ-18_Misungwi_fune_2023,TZ-18_Misungwi_fune_2023_03,TZ-18_Misungwi_fune_2023_Q1
319,VBS85517,TZ_MWA_21,Joel Odero,Tanzania,Nyangomango,2023,3,-3.05,32.8,F,1236-VO-TZ-OKUMU-VMF00261,1.3,1,TZA,Mwanza,TZ-18,Misungwi,funestus,TZ-18_fune_2023,TZ-18_fune_2023_03,TZ-18_fune_2023_Q1,TZ-18_Misungwi_fune_2023,TZ-18_Misungwi_fune_2023_03,TZ-18_Misungwi_fune_2023_Q1
320,VBS85518,TZ_MWA_20,Joel Odero,Tanzania,Nyangomango,2023,3,-3.05,32.8,F,1236-VO-TZ-OKUMU-VMF00261,1.3,1,TZA,Mwanza,TZ-18,Misungwi,funestus,TZ-18_fune_2023,TZ-18_fune_2023_03,TZ-18_fune_2023_Q1,TZ-18_Misungwi_fune_2023,TZ-18_Misungwi_fune_2023_03,TZ-18_Misungwi_fune_2023_Q1
321,VBS85519,TZ_MWA_19,Joel Odero,Tanzania,Nyangomango,2023,3,-3.05,32.8,F,1236-VO-TZ-OKUMU-VMF00261,1.3,1,TZA,Mwanza,TZ-18,Misungwi,funestus,TZ-18_fune_2023,TZ-18_fune_2023_03,TZ-18_fune_2023_Q1,TZ-18_Misungwi_fune_2023,TZ-18_Misungwi_fune_2023_03,TZ-18_Misungwi_fune_2023_Q1
322,VBS85521,TZ_MWA_17,Joel Odero,Tanzania,Nyangomango,2023,3,-3.05,32.8,F,1236-VO-TZ-OKUMU-VMF00261,1.3,1,TZA,Mwanza,TZ-18,Misungwi,funestus,TZ-18_fune_2023,TZ-18_fune_2023_03,TZ-18_fune_2023_Q1,TZ-18_Misungwi_fune_2023,TZ-18_Misungwi_fune_2023_03,TZ-18_Misungwi_fune_2023_Q1
323,VBS85522,TZ_MWA_16,Joel Odero,Tanzania,Nyangomango,2023,3,-3.05,32.8,F,1236-VO-TZ-OKUMU-VMF00261,1.3,1,TZA,Mwanza,TZ-18,Misungwi,funestus,TZ-18_fune_2023,TZ-18_fune_2023_03,TZ-18_fune_2023_Q1,TZ-18_Misungwi_fune_2023,TZ-18_Misungwi_fune_2023_03,TZ-18_Misungwi_fune_2023_Q1
324,VBS85523,TZ_MWA_14,Joel Odero,Tanzania,Nyangomango,2023,3,-3.05,32.8,F,1236-VO-TZ-OKUMU-VMF00261,1.3,1,TZA,Mwanza,TZ-18,Misungwi,funestus,TZ-18_fune_2023,TZ-18_fune_2023_03,TZ-18_fune_2023_Q1,TZ-18_Misungwi_fune_2023,TZ-18_Misungwi_fune_2023_03,TZ-18_Misungwi_fune_2023_Q1
325,VBS85524,TZ_MWA_13,Joel Odero,Tanzania,Nyangomango,2023,3,-3.05,32.8,F,1236-VO-TZ-OKUMU-VMF00261,1.3,1,TZA,Mwanza,TZ-18,Misungwi,funestus,TZ-18_fune_2023,TZ-18_fune_2023_03,TZ-18_fune_2023_Q1,TZ-18_Misungwi_fune_2023,TZ-18_Misungwi_fune_2023_03,TZ-18_Misungwi_fune_2023_Q1
326,VBS85525,TZ_MWA_12,Joel Odero,Tanzania,Nyangomango,2023,3,-3.05,32.8,F,1236-VO-TZ-OKUMU-VMF00261,1.3,1,TZA,Mwanza,TZ-18,Misungwi,funestus,TZ-18_fune_2023,TZ-18_fune_2023_03,TZ-18_fune_2023_Q1,TZ-18_Misungwi_fune_2023,TZ-18_Misungwi_fune_2023_03,TZ-18_Misungwi_fune_2023_Q1
327,VBS85526,TZ_MWA_11,Joel Odero,Tanzania,Nyangomango,2023,3,-3.05,32.8,F,1236-VO-TZ-OKUMU-VMF00261,1.3,1,TZA,Mwanza,TZ-18,Misungwi,funestus,TZ-18_fune_2023,TZ-18_fune_2023_03,TZ-18_fune_2023_Q1,TZ-18_Misungwi_fune_2023,TZ-18_Misungwi_fune_2023_03,TZ-18_Misungwi_fune_2023_Q1
328,VBS85527,TZ_MWA_10,Joel Odero,Tanzania,Nyangomango,2023,3,-3.05,32.8,F,1236-VO-TZ-OKUMU-VMF00261,1.3,1,TZA,Mwanza,TZ-18,Misungwi,funestus,TZ-18_fune_2023,TZ-18_fune_2023_03,TZ-18_fune_2023_Q1,TZ-18_Misungwi_fune_2023,TZ-18_Misungwi_fune_2023_03,TZ-18_Misungwi_fune_2023_Q1
329,VBS85528,TZ_MWA_6,Joel Odero,Tanzania,Nyangomango,2023,3,-3.05,32.8,F,1236-VO-TZ-OKUMU-VMF00261,1.3,1,TZA,Mwanza,TZ-18,Misungwi,funestus,TZ-18_fune_2023,TZ-18_fune_2023_03,TZ-18_fune_2023_Q1,TZ-18_Misungwi_fune_2023,TZ-18_Misungwi_fune_2023_03,TZ-18_Misungwi_fune_2023_Q1
330,VBS85529,TZ_MWA_5,Joel Odero,Tanzania,Nyangomango,2023,3,-3.05,32.8,F,1236-VO-TZ-OKUMU-VMF00261,1.3,1,TZA,Mwanza,TZ-18,Misungwi,funestus,TZ-18_fune_2023,TZ-18_fune_2023_03,TZ-18_fune_2023_Q1,TZ-18_Misungwi_fune_2023,TZ-18_Misungwi_fune_2023_03,TZ-18_Misungwi_fune_2023_Q1
331,VBS85530,TZ_MWA_3,Joel Odero,Tanzania,Nyangomango,2023,3,-3.05,32.8,F,1236-VO-TZ-OKUMU-VMF00261,1.3,1,TZA,Mwanza,TZ-18,Misungwi,funestus,TZ-18_fune_2023,TZ-18_fune_2023_03,TZ-18_fune_2023_Q1,TZ-18_Misungwi_fune_2023,TZ-18_Misungwi_fune_2023_03,TZ-18_Misungwi_fune_2023_Q1
332,VBS85531,TZ_MWA_2,Joel Odero,Tanzania,Nyangomango,2023,3,-3.05,32.8,F,1236-VO-TZ-OKUMU-VMF00261,1.3,1,TZA,Mwanza,TZ-18,Misungwi,funestus,TZ-18_fune_2023,TZ-18_fune_2023_03,TZ-18_fune_2023_Q1,TZ-18_Misungwi_fune_2023,TZ-18_Misungwi_fune_2023_03,TZ-18_Misungwi_fune_2023_Q1
333,VBS85532,TZ_MWA_1,Joel Odero,Tanzania,Nyangomango,2023,3,-3.05,32.8,F,1236-VO-TZ-OKUMU-VMF00261,1.3,1,TZA,Mwanza,TZ-18,Misungwi,funestus,TZ-18_fune_2023,TZ-18_fune_2023_03,TZ-18_fune_2023_Q1,TZ-18_Misungwi_fune_2023,TZ-18_Misungwi_fune_2023_03,TZ-18_Misungwi_fune_2023_Q1
