receptor,compound,haplotype,species,affinity.of.top.pose,looks.ok
AFUN2_008728.R15290,ddt,L976F,funestus,-6.51,y
AFUN2_008728.R15290,deltamethrin,L976F,funestus,-6.698,y
AFUN2_008728.R15290,permethrin,L976F,funestus,-6.586,y
AFUN2_008728.R15290,ddt,WT,funestus,-6.191,y
AFUN2_008728.R15290,deltamethrin,WT,funestus,-6.926,y
AFUN2_008728.R15290,permethrin,WT,funestus,-6.47,y
AGAP004707-RD.995F,ddt,995F,gambiae,-6.645,y
AGAP004707-RD.995F,deltamethrin,995F,gambiae,-6.906,y
AGAP004707-RD.995F,permethrin,995F,gambiae,-6.644,y
AGAP004707-RD.995S,ddt,995S,gambiae,-6.191,y
AGAP004707-RD.995S,deltamethrin,995S,gambiae,-6.926,y
AGAP004707-RD.995S,permethrin,995S,gambiae,-6.47,y
AGAP004707-RD.WT,ddt,WT,gambiae,-6.199,y
AGAP004707-RD.WT,deltamethrin,WT,gambiae,-6.731,y
AGAP004707-RD.WT,permethrin,WT,gambiae,-6.58,y