Month,Region,District,Village,Latitude,Longitude,Temp,RH ,Insecticide,Class,Concentration (%),Species,Sex,Age,Replicate,N,10mins,15mins,20mins,30mins,40mins,50mins,60mins,Alive,Dead
"Apr, 2022",Katavi,Tanganyika,Vikonge,-6.09069,30.93643,27.5,57.1,DDT,Organochlorine,4,An. funestus,female,adult,1,20,0,0,1,6,10,11,16,1,19
"Apr, 2022",Katavi,Tanganyika,Vikonge,-6.09069,30.93643,27.5,57.1,DDT,Organochlorine,4,An. funestus,female,adult,2,20,0,0,0,4,11,12,12,4,16
"Apr, 2022",Katavi,Tanganyika,Vikonge,-6.09069,30.93643,27.5,57.1,DDT,Organochlorine,4,An. funestus,female,adult,3,20,0,1,1,2,6,8,10,4,16
"Apr, 2022",Katavi,Tanganyika,Vikonge,-6.09069,30.93643,27.5,57.1,DDT,Organochlorine,4,An. funestus,female,adult,4,20,0,0,4,5,8,9,12,1,19
"Apr, 2022",Katavi,Tanganyika,Vikonge,-6.09069,30.93643,27.5,57.1,control,,,An. funestus,female,adult,1,20,0,0,0,0,0,0,0,20,0
"Apr, 2022",Katavi,Tanganyika,Vikonge,-6.09069,30.93643,27.5,57.1,control,,,An. funestus,female,adult,2,20,0,0,0,0,0,0,0,19,1
"Apr, 2022",Katavi,Tanganyika,Vikonge,-6.09069,30.93643,27.2,58.8,Pirimiphos-methyl,Organophospahate,2.5,An. funestus,female,adult,1,20,1,6,11,15,18,20,20,1,19
"Apr, 2022",Katavi,Tanganyika,Vikonge,-6.09069,30.93643,27.2,58.8,Pirimiphos-methyl,Organophospahate,2.5,An. funestus,female,adult,2,20,0,4,10,11,18,20,20,0,20
"Apr, 2022",Katavi,Tanganyika,Vikonge,-6.09069,30.93643,27.2,58.8,Pirimiphos-methyl,Organophospahate,2.5,An. funestus,female,adult,3,20,0,2,9,13,16,20,20,0,20
"Apr, 2022",Katavi,Tanganyika,Vikonge,-6.09069,30.93643,27.2,58.8,Pirimiphos-methyl,Organophospahate,2.5,An. funestus,female,adult,4,20,0,6,16,19,19,20,20,0,20
"Apr, 2022",Katavi,Tanganyika,Vikonge,-6.09069,30.93643,27.2,58.8,control,,,An. funestus,female,adult,1,20,0,0,0,0,0,0,0,19,1
"Apr, 2022",Katavi,Tanganyika,Vikonge,-6.09069,30.93643,27.2,58.8,control,,,An. funestus,female,adult,2,20,0,0,0,0,0,0,0,18,2
"Apr, 2022",Katavi,Tanganyika,Vikonge,-6.09069,30.93643,28.1,54.4,Bendiocarb,Carbamate,0.1,An. funestus,female,adult,1,20,0,0,2,9,14,17,17,6,14
"Apr, 2022",Katavi,Tanganyika,Vikonge,-6.09069,30.93643,28.1,54.4,Bendiocarb,Carbamate,0.1,An. funestus,female,adult,2,20,0,0,4,11,19,20,20,1,19
"Apr, 2022",Katavi,Tanganyika,Vikonge,-6.09069,30.93643,28.1,54.4,Bendiocarb,Carbamate,0.1,An. funestus,female,adult,3,20,0,0,2,11,15,18,18,2,18
"Apr, 2022",Katavi,Tanganyika,Vikonge,-6.09069,30.93643,28.1,54.4,Bendiocarb,Carbamate,0.1,An. funestus,female,adult,4,20,0,0,1,7,15,18,19,2,18
"Apr, 2022",Katavi,Tanganyika,Vikonge,-6.09069,30.93643,28.1,54.4,control,,,An. funestus,female,adult,1,20,0,0,0,0,0,0,0,19,1
"Apr, 2022",Katavi,Tanganyika,Vikonge,-6.09069,30.93643,28.1,54.4,control,,,An. funestus,female,adult,2,20,0,0,0,0,0,0,0,20,0
"Apr, 2022",Katavi,Tanganyika,Vikonge,-6.09069,30.93643,28.1,55.5,Deltamethrin,Pyrethroid,0.05,An. funestus,female,adult,1,20,0,4,6,7,8,10,8,8,12
"Apr, 2022",Katavi,Tanganyika,Vikonge,-6.09069,30.93643,28.1,55.5,Deltamethrin,Pyrethroid,0.05,An. funestus,female,adult,2,20,0,1,3,6,9,10,10,8,12
"Apr, 2022",Katavi,Tanganyika,Vikonge,-6.09069,30.93643,28.1,55.5,Deltamethrin,Pyrethroid,0.05,An. funestus,female,adult,3,20,0,0,6,8,9,9,11,10,10
"Apr, 2022",Katavi,Tanganyika,Vikonge,-6.09069,30.93643,28.1,55.5,Deltamethrin,Pyrethroid,0.05,An. funestus,female,adult,4,20,0,2,6,8,8,7,9,10,10
"Apr, 2022",Katavi,Tanganyika,Vikonge,-6.09069,30.93643,28.1,55.5,control,,,An. funestus,female,adult,1,20,0,0,0,0,0,0,0,20,0
"Apr, 2022",Katavi,Tanganyika,Vikonge,-6.09069,30.93643,28.1,55.5,control,,,An. funestus,female,adult,2,20,0,0,0,0,0,0,0,19,1
"Apr, 2022",Katavi,Tanganyika,Vikonge,-6.09069,30.93643,25.8,67.2,Deltamethrin 5x,Pyrethroid,0.25,An. funestus,female,adult,1,20,3,4,5,5,8,8,8,4,16
"Apr, 2022",Katavi,Tanganyika,Vikonge,-6.09069,30.93643,25.8,67.2,Deltamethrin 5x,Pyrethroid,0.25,An. funestus,female,adult,2,20,0,3,4,7,12,12,11,4,16
"Apr, 2022",Katavi,Tanganyika,Vikonge,-6.09069,30.93643,25.8,67.2,Deltamethrin 5x,Pyrethroid,0.25,An. funestus,female,adult,3,20,1,2,3,5,5,6,5,7,13
"Apr, 2022",Katavi,Tanganyika,Vikonge,-6.09069,30.93643,25.8,67.2,Deltamethrin 5x,Pyrethroid,0.25,An. funestus,female,adult,4,20,2,4,4,4,6,7,7,4,16
"Apr, 2022",Katavi,Tanganyika,Vikonge,-6.09069,30.93643,25.8,67.2,control,,,An. funestus,female,adult,1,20,0,0,0,0,0,0,0,19,1
"Apr, 2022",Katavi,Tanganyika,Vikonge,-6.09069,30.93643,25.8,67.2,control,,,An. funestus,female,adult,2,20,0,0,0,0,0,0,0,19,1
"Apr, 2022",Katavi,Tanganyika,Vikonge,-6.09069,30.93643,25.4,57.4,Deltamethrin 10x,Pyrethroid,0.5,An. funestus,female,adult,1,20,3,6,7,9,11,14,16,1,19
"Apr, 2022",Katavi,Tanganyika,Vikonge,-6.09069,30.93643,25.4,57.4,Deltamethrin 10x,Pyrethroid,0.5,An. funestus,female,adult,2,20,1,5,5,11,15,18,17,1,19
"Apr, 2022",Katavi,Tanganyika,Vikonge,-6.09069,30.93643,25.4,57.4,Deltamethrin 10x,Pyrethroid,0.5,An. funestus,female,adult,3,20,1,4,4,4,6,8,17,1,19
"Apr, 2022",Katavi,Tanganyika,Vikonge,-6.09069,30.93643,25.4,57.4,Deltamethrin 10x,Pyrethroid,0.5,An. funestus,female,adult,4,20,2,6,10,11,13,17,17,2,18
"Apr, 2022",Katavi,Tanganyika,Vikonge,-6.09069,30.93643,25.4,57.4,control,Pyrethroid,,An. funestus,female,adult,1,20,0,0,0,0,0,0,0,20,0
"Apr, 2022",Katavi,Tanganyika,Vikonge,-6.09069,30.93643,25.4,57.4,control,Pyrethroid,,An. funestus,female,adult,2,20,0,0,0,0,0,0,0,19,1
"Apr, 2022",Katavi,Tanganyika,Vikonge,-6.09069,30.93643,25.8,67.2,Deltamethrin + PBO,Pyrethroid,,An. funestus,female,adult,1,20,,,,,,,,4,16
"Apr, 2022",Katavi,Tanganyika,Vikonge,-6.09069,30.93643,25.8,67.2,Deltamethrin + PBO,Pyrethroid,,An. funestus,female,adult,2,20,,,,,,,,4,16
"Apr, 2022",Katavi,Tanganyika,Vikonge,-6.09069,30.93643,25.8,67.2,Deltamethrin + PBO,Pyrethroid,,An. funestus,female,adult,3,20,,,,,,,,4,16
"Apr, 2022",Katavi,Tanganyika,Vikonge,-6.09069,30.93643,25.8,67.2,control,,,An. funestus,female,adult,1,20,,,,,,,,19,1
"Apr, 2022",Katavi,Tanganyika,Vikonge,-6.09069,30.93643,25.8,67.2,control,,,An. funestus,female,adult,2,20,,,,,,,,19,1
"Apr, 2022",Katavi,Tanganyika,Vikonge,-6.09069,30.93643,24.6,74.8,Permethrin,Pyrethroid,0.75,An. funestus,female,adult,1,20,1,7,7,9,10,11,11,6,14
"Apr, 2022",Katavi,Tanganyika,Vikonge,-6.09069,30.93643,24.6,74.8,Permethrin,Pyrethroid,0.75,An. funestus,female,adult,2,20,2,3,5,8,8,9,9,11,9
"Apr, 2022",Katavi,Tanganyika,Vikonge,-6.09069,30.93643,24.6,74.8,Permethrin,Pyrethroid,0.75,An. funestus,female,adult,3,20,0,2,3,6,7,8,9,8,12
"Apr, 2022",Katavi,Tanganyika,Vikonge,-6.09069,30.93643,24.6,74.8,Permethrin,Pyrethroid,0.75,An. funestus,female,adult,4,20,0,3,5,5,5,9,9,10,10
"Apr, 2022",Katavi,Tanganyika,Vikonge,-6.09069,30.93643,24.6,74.8,control,Pyrethroid,,An. funestus,female,adult,1,20,0,0,0,0,0,0,0,19,1
"Apr, 2022",Katavi,Tanganyika,Vikonge,-6.09069,30.93643,24.6,74.8,control,Pyrethroid,,An. funestus,female,adult,2,20,0,0,0,0,0,0,0,20,0
"Apr, 2022",Katavi,Tanganyika,Vikonge,-6.09069,30.93643,26.7,56.4,Permethrin 5x,Pyrethroid,3.75,An. funestus,female,adult,1,20,2,6,9,12,15,16,16,5,15
"Apr, 2022",Katavi,Tanganyika,Vikonge,-6.09069,30.93643,26.7,56.4,Permethrin 5x,Pyrethroid,3.75,An. funestus,female,adult,2,20,4,7,10,12,15,16,16,6,14
"Apr, 2022",Katavi,Tanganyika,Vikonge,-6.09069,30.93643,26.7,56.4,Permethrin 5x,Pyrethroid,3.75,An. funestus,female,adult,3,20,1,7,10,11,12,17,18,1,19
"Apr, 2022",Katavi,Tanganyika,Vikonge,-6.09069,30.93643,26.7,56.4,Permethrin 5x,Pyrethroid,3.75,An. funestus,female,adult,4,20,1,3,7,8,10,16,16,2,18
"Apr, 2022",Katavi,Tanganyika,Vikonge,-6.09069,30.93643,26.7,56.4,control,,,An. funestus,female,adult,1,20,0,0,0,0,0,0,0,20,0
"Apr, 2022",Katavi,Tanganyika,Vikonge,-6.09069,30.93643,26.7,56.4,control,,,An. funestus,female,adult,2,20,0,0,0,0,0,0,0,19,1
"Apr, 2022",Katavi,Tanganyika,Vikonge,-6.09069,30.93643,24.9,61.3,Permethrin 10x,Pyrethroid,7.5,An. funestus,female,adult,1,20,18,19,19,19,19,20,20,1,19
"Apr, 2022",Katavi,Tanganyika,Vikonge,-6.09069,30.93643,24.9,61.3,Permethrin 10x,Pyrethroid,7.5,An. funestus,female,adult,2,20,8,19,19,19,19,19,19,1,19
"Apr, 2022",Katavi,Tanganyika,Vikonge,-6.09069,30.93643,24.9,61.3,Permethrin 10x,Pyrethroid,7.5,An. funestus,female,adult,3,20,3,16,17,19,20,20,20,1,19
"Apr, 2022",Katavi,Tanganyika,Vikonge,-6.09069,30.93643,24.9,61.3,Permethrin 10x,Pyrethroid,7.5,An. funestus,female,adult,4,20,8,15,17,19,19,20,20,1,19
"Apr, 2022",Katavi,Tanganyika,Vikonge,-6.09069,30.93643,24.9,61.3,control,,7.5,An. funestus,female,adult,1,20,0,0,0,0,0,0,0,18,2
"Apr, 2022",Katavi,Tanganyika,Vikonge,-6.09069,30.93643,24.9,61.3,control,,7.5,An. funestus,female,adult,2,20,0,0,0,0,0,0,0,19,1
"Oct, 2022",Morogoro,Kilombero,Ikwambi,-7.98386,36.81819,29,55,Bendiocarb,Carbamate,0.1,An. funestus,female,adult,1,20,,,,,,,,2,18
"Oct, 2022",Morogoro,Kilombero,Ikwambi,-7.98386,36.81819,29,55,Bendiocarb,Carbamate,0.1,An. funestus,female,adult,2,20,,,,,,,,2,18
"Oct, 2022",Morogoro,Kilombero,Ikwambi,-7.98386,36.81819,29,55,Bendiocarb,Carbamate,0.1,An. funestus,female,adult,3,20,,,,,,,,1,19
"Oct, 2022",Morogoro,Kilombero,Ikwambi,-7.98386,36.81819,29,55,Bendiocarb,Carbamate,0.1,An. funestus,female,adult,4,20,,,,,,,,1,19
"Oct, 2022",Morogoro,Kilombero,Ikwambi,-7.98386,36.81819,29,55,control,,,An. funestus,female,adult,1,20,,,,,,,,20,0
"Oct, 2022",Morogoro,Kilombero,Ikwambi,-7.98386,36.81819,29,55,control,,,An. funestus,female,adult,2,20,,,,,,,,19,1
"Oct, 2022",Morogoro,Kilombero,Ikwambi,-7.98386,36.81819,26,61,Pirimiphos-methyl,Organophosphate,2.5,An. funestus,female,adult,1,20,,,,,,,,1,19
"Oct, 2022",Morogoro,Kilombero,Ikwambi,-7.98386,36.81819,26,61,Pirimiphos-methyl,Organophosphate,2.5,An. funestus,female,adult,2,20,,,,,,,,0,20
"Oct, 2022",Morogoro,Kilombero,Ikwambi,-7.98386,36.81819,26,61,Pirimiphos-methyl,Organophosphate,2.5,An. funestus,female,adult,3,20,,,,,,,,0,20
"Oct, 2022",Morogoro,Kilombero,Ikwambi,-7.98386,36.81819,26,61,Pirimiphos-methyl,Organophosphate,2.5,An. funestus,female,adult,4,20,,,,,,,,0,20
"Oct, 2022",Morogoro,Kilombero,Ikwambi,-7.98386,36.81819,26,61,control,,,An. funestus,female,adult,1,20,,,,,,,,19,1
"Oct, 2022",Morogoro,Kilombero,Ikwambi,-7.98386,36.81819,26,61,control,,,An. funestus,female,adult,2,20,,,,,,,,20,0
"Oct, 2022",Morogoro,Kilombero,Ikwambi,-7.98386,36.81819,27.2,63,DDT,Organochlorine,4,An. funestus,female,adult,1,20,0,1,3,4,8,8,10,7,13
"Oct, 2022",Morogoro,Kilombero,Ikwambi,-7.98386,36.81819,27.2,63,DDT,Organochlorine,4,An. funestus,female,adult,2,20,0,1,1,2,2,9,12,6,14
"Oct, 2022",Morogoro,Kilombero,Ikwambi,-7.98386,36.81819,27.2,63,DDT,Organochlorine,4,An. funestus,female,adult,3,20,1,2,3,4,8,9,12,5,15
"Oct, 2022",Morogoro,Kilombero,Ikwambi,-7.98386,36.81819,27.2,63,DDT,Organochlorine,4,An. funestus,female,adult,4,20,0,2,2,3,8,8,10,7,13
"Oct, 2022",Morogoro,Kilombero,Ikwambi,-7.98386,36.81819,27.2,63,control,,,An. funestus,female,adult,1,20,0,0,0,0,0,0,0,17,3
"Oct, 2022",Morogoro,Kilombero,Ikwambi,-7.98386,36.81819,27.2,63,control,,,An. funestus,female,adult,2,20,0,0,0,0,0,0,0,20,0
"Oct, 2022",Morogoro,Kilombero,Ikwambi,-7.98386,36.81819,27.2,63,Permethrin,Pyrethroid,0.75,An. funestus,female,adult,1,20,,,,,,,,16,4
"Oct, 2022",Morogoro,Kilombero,Ikwambi,-7.98386,36.81819,27.2,63,Permethrin,Pyrethroid,0.75,An. funestus,female,adult,2,20,,,,,,,,10,10
"Oct, 2022",Morogoro,Kilombero,Ikwambi,-7.98386,36.81819,27.2,63,Permethrin,Pyrethroid,0.75,An. funestus,female,adult,3,20,,,,,,,,6,14
"Oct, 2022",Morogoro,Kilombero,Ikwambi,-7.98386,36.81819,27.2,63,Permethrin,Pyrethroid,0.75,An. funestus,female,adult,4,20,,,,,,,,4,16
"Oct, 2022",Morogoro,Kilombero,Ikwambi,-7.98386,36.81819,27.2,63,control,,,An. funestus,female,adult,1,20,,,,,,,,18,2
"Oct, 2022",Morogoro,Kilombero,Ikwambi,-7.98386,36.81819,27.2,63,control,,,An. funestus,female,adult,2,20,,,,,,,,17,3
"Oct, 2022",Morogoro,Kilombero,Ikwambi,-7.98386,36.81819,29,59,Permethrin 5x,Pyrethroid,3.75,An. funestus,female,adult,1,20,,,,,,,,1,19
"Oct, 2022",Morogoro,Kilombero,Ikwambi,-7.98386,36.81819,29,59,Permethrin 5x,Pyrethroid,3.75,An. funestus,female,adult,2,20,,,,,,,,1,19
"Oct, 2022",Morogoro,Kilombero,Ikwambi,-7.98386,36.81819,29,59,Permethrin 5x,Pyrethroid,3.75,An. funestus,female,adult,3,20,,,,,,,,1,19
"Oct, 2022",Morogoro,Kilombero,Ikwambi,-7.98386,36.81819,29,59,Permethrin 5x,Pyrethroid,3.75,An. funestus,female,adult,4,20,,,,,,,,1,19
"Oct, 2022",Morogoro,Kilombero,Ikwambi,-7.98386,36.81819,29,59,control,,,An. funestus,female,adult,1,20,,,,,,,,19,1
"Oct, 2022",Morogoro,Kilombero,Ikwambi,-7.98386,36.81819,29,59,control,,,An. funestus,female,adult,2,20,,,,,,,,19,1
"Oct, 2022",Morogoro,Kilombero,Ikwambi,-7.98386,36.81819,31,55,Deltamethrin,Pyrethroid,0.05,An. funestus,female,adult,1,20,,,,,,,,11,9
"Oct, 2022",Morogoro,Kilombero,Ikwambi,-7.98386,36.81819,31,55,Deltamethrin,Pyrethroid,0.05,An. funestus,female,adult,2,20,,,,,,,,11,9
"Oct, 2022",Morogoro,Kilombero,Ikwambi,-7.98386,36.81819,31,55,Deltamethrin,Pyrethroid,0.05,An. funestus,female,adult,3,20,,,,,,,,10,10
"Oct, 2022",Morogoro,Kilombero,Ikwambi,-7.98386,36.81819,31,55,Deltamethrin,Pyrethroid,0.05,An. funestus,female,adult,4,20,,,,,,,,11,9
"Oct, 2022",Morogoro,Kilombero,Ikwambi,-7.98386,36.81819,31,55,control,,,An. funestus,female,adult,1,20,,,,,,,,18,2
"Oct, 2022",Morogoro,Kilombero,Ikwambi,-7.98386,36.81819,31,55,control,,,An. funestus,female,adult,2,20,,,,,,,,20,0
"Oct, 2022",Morogoro,Kilombero,Ikwambi,-7.98386,36.81819,31,55,Deltamethrin 5x,Pyrethroid,0.25,An. funestus,female,adult,1,20,,,,,,,,1,19
"Oct, 2022",Morogoro,Kilombero,Ikwambi,-7.98386,36.81819,31,55,Deltamethrin 5x,Pyrethroid,0.25,An. funestus,female,adult,2,20,,,,,,,,1,19
"Oct, 2022",Morogoro,Kilombero,Ikwambi,-7.98386,36.81819,31,55,Deltamethrin 5x,Pyrethroid,0.25,An. funestus,female,adult,3,20,,,,,,,,1,19
"Oct, 2022",Morogoro,Kilombero,Ikwambi,-7.98386,36.81819,31,55,Deltamethrin 5x,Pyrethroid,0.25,An. funestus,female,adult,4,20,,,,,,,,1,19
"Oct, 2022",Morogoro,Kilombero,Ikwambi,-7.98386,36.81819,31,55,control,,,An. funestus,female,adult,1,20,,,,,,,,20,0
"Oct, 2022",Morogoro,Kilombero,Ikwambi,-7.98386,36.81819,31,55,control,,,An. funestus,female,adult,2,20,,,,,,,,18,2
"Oct, 2022",Morogoro,Kilombero,Ikwambi,-7.98386,36.81819,25.8,63,Deltamethrin + PBO,Pyrethroid,,An. funestus,female,adult,1,20,,,,,,,20,1,19
"Oct, 2022",Morogoro,Kilombero,Ikwambi,-7.98386,36.81819,25.8,63,Deltamethrin + PBO,Pyrethroid,,An. funestus,female,adult,2,20,,,,,,,20,1,19
"Oct, 2022",Morogoro,Kilombero,Ikwambi,-7.98386,36.81819,25.8,63,Deltamethrin + PBO,Pyrethroid,,An. funestus,female,adult,3,20,,,,,,,10,1,19
"Oct, 2022",Morogoro,Kilombero,Ikwambi,-7.98386,36.81819,25.8,63,control,,,An. funestus,female,adult,1,20,,,,,,,0,20,0
"Oct, 2022",Morogoro,Kilombero,Ikwambi,-7.98386,36.81819,25.8,63,control,,,An. funestus,female,adult,2,20,,,,,,,2,18,2
"Jan, 2022",Kagera,Missenyi,Byeju,-1.07975,31.37585,26,51.2,Bendiocarb,Carbamate,0.1,An. funestus,female,adult,1,20,0,3,4,14,19,18,19,3,17
"Jan, 2022",Kagera,Missenyi,Byeju,-1.07975,31.37585,26,51.2,Bendiocarb,Carbamate,0.1,An. funestus,female,adult,2,20,1,3,5,15,17,19,18,5,15
"Jan, 2022",Kagera,Missenyi,Byeju,-1.07975,31.37585,26,51.2,Bendiocarb,Carbamate,0.1,An. funestus,female,adult,3,20,1,2,5,15,17,18,19,5,15
"Jan, 2022",Kagera,Missenyi,Byeju,-1.07975,31.37585,26,51.2,Bendiocarb,Carbamate,0.1,An. funestus,female,adult,4,20,0,3,5,16,18,18,19,6,14
"Jan, 2022",Kagera,Missenyi,Byeju,-1.07975,31.37585,26,51.2,control,,,An. funestus,female,adult,1,20,0,0,0,0,0,0,0,20,0
"Jan, 2022",Kagera,Missenyi,Byeju,-1.07975,31.37585,26,51.2,control,,,An. funestus,female,adult,2,20,0,0,0,0,0,0,0,20,0
"Jan, 2022",Kagera,Missenyi,Byeju,-1.07975,31.37585,24.5,75.5,Pirimiphos-methyl,Organophosphate,2.5,An. funestus,female,adult,1,20,0,0,0,1,2,8,14,1,19
"Jan, 2022",Kagera,Missenyi,Byeju,-1.07975,31.37585,24.5,75.5,Pirimiphos-methyl,Organophosphate,2.5,An. funestus,female,adult,2,20,0,0,0,0,1,5,14,0,20
"Jan, 2022",Kagera,Missenyi,Byeju,-1.07975,31.37585,24.5,75.5,Pirimiphos-methyl,Organophosphate,2.5,An. funestus,female,adult,3,20,0,0,1,1,2,7,18,0,20
"Jan, 2022",Kagera,Missenyi,Byeju,-1.07975,31.37585,24.5,75.5,Pirimiphos-methyl,Organophosphate,2.5,An. funestus,female,adult,4,20,0,0,0,2,3,4,13,0,20
"Jan, 2022",Kagera,Missenyi,Byeju,-1.07975,31.37585,24.5,75.5,control,,,An. funestus,female,adult,1,20,0,0,0,0,0,0,0,20,0
"Jan, 2022",Kagera,Missenyi,Byeju,-1.07975,31.37585,24.5,75.5,control,,,An. funestus,female,adult,2,20,0,0,0,0,0,0,0,20,0
"Jan, 2022",Kagera,Missenyi,Byeju,-1.07975,31.37585,25.5,60.8,DDT,Organochlorine,4,An. funestus,female,adult,1,20,0,0,2,4,8,17,19,1,19
"Jan, 2022",Kagera,Missenyi,Byeju,-1.07975,31.37585,25.5,60.8,DDT,Organochlorine,4,An. funestus,female,adult,2,20,0,0,1,6,11,18,19,1,19
"Jan, 2022",Kagera,Missenyi,Byeju,-1.07975,31.37585,25.5,60.8,DDT,Organochlorine,4,An. funestus,female,adult,3,20,0,0,1,6,11,19,19,1,19
"Jan, 2022",Kagera,Missenyi,Byeju,-1.07975,31.37585,25.5,60.8,DDT,Organochlorine,4,An. funestus,female,adult,4,20,0,0,2,5,8,16,17,1,19
"Jan, 2022",Kagera,Missenyi,Byeju,-1.07975,31.37585,25.5,60.8,control,,,An. funestus,female,adult,1,20,0,0,0,0,0,0,0,20,0
"Jan, 2022",Kagera,Missenyi,Byeju,-1.07975,31.37585,25.5,60.8,control,,,An. funestus,female,adult,2,20,0,0,0,0,0,0,0,19,1
"Jan, 2022",Kagera,Missenyi,Byeju,-1.07975,31.37585,28.8,44.1,Permethrin,Pyrethroid,0.75,An. funestus,female,adult,1,20,0,0,2,3,4,8,11,1,19
"Jan, 2022",Kagera,Missenyi,Byeju,-1.07975,31.37585,28.8,44.1,Permethrin,Pyrethroid,0.75,An. funestus,female,adult,2,20,0,0,0,3,4,6,9,6,14
"Jan, 2022",Kagera,Missenyi,Byeju,-1.07975,31.37585,28.8,44.1,Permethrin,Pyrethroid,0.75,An. funestus,female,adult,3,20,0,2,2,4,4,5,10,5,15
"Jan, 2022",Kagera,Missenyi,Byeju,-1.07975,31.37585,28.8,44.1,Permethrin,Pyrethroid,0.75,An. funestus,female,adult,4,20,0,1,3,4,6,9,11,6,14
"Jan, 2022",Kagera,Missenyi,Byeju,-1.07975,31.37585,28.8,44.1,control,,,An. funestus,female,adult,1,20,0,0,0,0,0,0,0,20,0
"Jan, 2022",Kagera,Missenyi,Byeju,-1.07975,31.37585,28.8,44.1,control,,,An. funestus,female,adult,2,20,0,0,0,0,0,0,0,18,2
"Jan, 2022",Kagera,Missenyi,Byeju,-1.07975,31.37585,27,60.2,Permethrin 5x,Pyrethroid,3.75,An. funestus,female,adult,1,20,15,14,15,17,19,19,19,1,19
"Jan, 2022",Kagera,Missenyi,Byeju,-1.07975,31.37585,27,60.2,Permethrin 5x,Pyrethroid,3.75,An. funestus,female,adult,2,20,8,13,15,16,18,18,19,1,19
"Jan, 2022",Kagera,Missenyi,Byeju,-1.07975,31.37585,27,60.2,Permethrin 5x,Pyrethroid,3.75,An. funestus,female,adult,3,20,10,16,14,16,16,17,19,1,19
"Jan, 2022",Kagera,Missenyi,Byeju,-1.07975,31.37585,27,60.2,Permethrin 5x,Pyrethroid,3.75,An. funestus,female,adult,4,20,8,14,13,19,20,20,20,1,19
"Jan, 2022",Kagera,Missenyi,Byeju,-1.07975,31.37585,27,60.2,control,,,An. funestus,female,adult,1,20,0,0,0,0,0,0,0,20,0
"Jan, 2022",Kagera,Missenyi,Byeju,-1.07975,31.37585,27,60.2,control,,,An. funestus,female,adult,2,20,0,0,0,0,0,0,0,20,0
"Jan, 2022",Kagera,Missenyi,Byeju,-1.07975,31.37585,25,62,Deltamethrin,Pyrethroid,0.05,An. funestus,female,adult,1,20,0,0,2,1,2,2,4,16,4
"Jan, 2022",Kagera,Missenyi,Byeju,-1.07975,31.37585,25,62,Deltamethrin,Pyrethroid,0.05,An. funestus,female,adult,2,20,0,1,3,5,6,9,9,8,12
"Jan, 2022",Kagera,Missenyi,Byeju,-1.07975,31.37585,25,62,Deltamethrin,Pyrethroid,0.05,An. funestus,female,adult,3,20,0,1,3,4,5,7,8,10,10
"Jan, 2022",Kagera,Missenyi,Byeju,-1.07975,31.37585,25,62,Deltamethrin,Pyrethroid,0.05,An. funestus,female,adult,4,20,0,0,1,1,2,2,6,15,5
"Jan, 2022",Kagera,Missenyi,Byeju,-1.07975,31.37585,25,62,control,,,An. funestus,female,adult,1,20,0,0,0,0,0,0,0,19,1
"Jan, 2022",Kagera,Missenyi,Byeju,-1.07975,31.37585,25,62,control,,,An. funestus,female,adult,2,20,0,0,0,0,0,0,0,19,1
"Jan, 2022",Kagera,Missenyi,Byeju,-1.07975,31.37585,28.4,58,Deltamethrin 5x,Pyrethroid,0.25,An. funestus,female,adult,1,20,1,2,7,10,11,16,18,2,18
"Jan, 2022",Kagera,Missenyi,Byeju,-1.07975,31.37585,28.4,58,Deltamethrin 5x,Pyrethroid,0.25,An. funestus,female,adult,2,20,0,4,10,12,14,16,18,1,19
"Jan, 2022",Kagera,Missenyi,Byeju,-1.07975,31.37585,28.4,58,Deltamethrin 5x,Pyrethroid,0.25,An. funestus,female,adult,3,20,3,4,7,11,12,16,16,1,19
"Jan, 2022",Kagera,Missenyi,Byeju,-1.07975,31.37585,28.4,58,Deltamethrin 5x,Pyrethroid,0.25,An. funestus,female,adult,4,20,1,6,9,14,12,17,19,1,19
"Jan, 2022",Kagera,Missenyi,Byeju,-1.07975,31.37585,28.4,58,control,,,An. funestus,female,adult,1,20,0,0,0,0,0,0,0,19,1
"Jan, 2022",Kagera,Missenyi,Byeju,-1.07975,31.37585,28.4,58,control,,,An. funestus,female,adult,2,20,0,0,0,0,0,0,0,20,0
"Jan, 2022",Kagera,Missenyi,Byeju,-1.07975,31.37585,26,51.7,Deltamethrin + PBO,Pyrethroid,,An. funestus,female,adult,1,20,,,,,,,,1,19
"Jan, 2022",Kagera,Missenyi,Byeju,-1.07975,31.37585,26,51.7,Deltamethrin + PBO,Pyrethroid,,An. funestus,female,adult,2,20,,,,,,,,1,19
"Jan, 2022",Kagera,Missenyi,Byeju,-1.07975,31.37585,26,51.7,Deltamethrin + PBO,Pyrethroid,,An. funestus,female,adult,3,20,,,,,,,,1,19
"Jan, 2022",Kagera,Missenyi,Byeju,-1.07975,31.37585,26,51.7,control,,,An. funestus,female,adult,1,20,,,,,,,,20,0
"Jan, 2022",Kagera,Missenyi,Byeju,-1.07975,31.37585,26,51.7,control,,,An. funestus,female,adult,2,20,,,,,,,,20,0
"May, 2022",Tanga,Muheza,Kwamwale,-5.156032,38.737162,27.4,66.7,DDT,Organochlorine,4,An. funestus,female,adult,1,20,3,3,4,8,18,19,18,1,19
"May, 2022",Tanga,Muheza,Kwamwale,-5.156032,38.737162,27.4,66.7,DDT,Organochlorine,4,An. funestus,female,adult,2,20,2,2,2,8,17,20,20,1,19
"May, 2022",Tanga,Muheza,Kwamwale,-5.156032,38.737162,27.4,66.7,DDT,Organochlorine,4,An. funestus,female,adult,3,20,0,1,4,8,19,20,20,1,19
"May, 2022",Tanga,Muheza,Kwamwale,-5.156032,38.737162,27.4,66.7,DDT,Organochlorine,4,An. funestus,female,adult,4,20,3,4,5,14,16,20,19,1,19
"May, 2022",Tanga,Muheza,Kwamwale,-5.156032,38.737162,27.4,66.7,control,,,An. funestus,female,adult,1,20,0,0,0,0,0,0,0,18,2
"May, 2022",Tanga,Muheza,Kwamwale,-5.156032,38.737162,27.4,66.7,control,,,An. funestus,female,adult,2,20,0,0,0,0,0,0,0,20,0
"May, 2022",Tanga,Muheza,Kwamwale,-5.156032,38.737162,29.2,64.5,Bendiocarb,Carbamate,0.1,An. funestus,female,adult,1,20,1,2,11,15,20,20,19,1,19
"May, 2022",Tanga,Muheza,Kwamwale,-5.156032,38.737162,29.2,64.5,Bendiocarb,Carbamate,0.1,An. funestus,female,adult,2,20,3,4,7,13,20,20,20,1,19
"May, 2022",Tanga,Muheza,Kwamwale,-5.156032,38.737162,29.2,64.5,Bendiocarb,Carbamate,0.1,An. funestus,female,adult,3,20,1,1,3,11,20,20,19,1,19
"May, 2022",Tanga,Muheza,Kwamwale,-5.156032,38.737162,29.2,64.5,Bendiocarb,Carbamate,0.1,An. funestus,female,adult,4,20,1,4,12,14,20,19,19,3,17
"May, 2022",Tanga,Muheza,Kwamwale,-5.156032,38.737162,29.2,64.5,control,,,An. funestus,female,adult,1,20,0,0,0,0,0,0,0,17,3
"May, 2022",Tanga,Muheza,Kwamwale,-5.156032,38.737162,29.2,64.5,control,,,An. funestus,female,adult,2,20,0,0,0,0,0,0,0,19,1
"May, 2022",Tanga,Muheza,Kwamwale,-5.156032,38.737162,28.8,62.6,Pirimiphos-methyl,Organophosphate,2.5,An. funestus,female,adult,1,20,0,10,20,20,20,20,20,1,19
"May, 2022",Tanga,Muheza,Kwamwale,-5.156032,38.737162,28.8,62.6,Pirimiphos-methyl,Organophosphate,2.5,An. funestus,female,adult,2,20,1,9,19,20,20,20,20,0,20
"May, 2022",Tanga,Muheza,Kwamwale,-5.156032,38.737162,28.8,62.6,Pirimiphos-methyl,Organophosphate,2.5,An. funestus,female,adult,3,20,1,14,20,20,20,20,20,0,20
"May, 2022",Tanga,Muheza,Kwamwale,-5.156032,38.737162,28.8,62.6,Pirimiphos-methyl,Organophosphate,2.5,An. funestus,female,adult,4,20,2,15,20,20,20,20,20,0,20
"May, 2022",Tanga,Muheza,Kwamwale,-5.156032,38.737162,28.8,62.6,control,,,An. funestus,female,adult,1,20,0,0,0,0,0,0,0,19,1
"May, 2022",Tanga,Muheza,Kwamwale,-5.156032,38.737162,28.8,62.6,control,,,An. funestus,female,adult,2,20,0,0,0,0,0,0,0,17,3
"May, 2022",Tanga,Muheza,Kwamwale,-5.156032,38.737162,25.4,79,Deltamethrin,Pyrethroid,0.05,An. funestus,female,adult,1,20,1,2,1,2,3,4,6,10,10
"May, 2022",Tanga,Muheza,Kwamwale,-5.156032,38.737162,25.4,79,Deltamethrin,Pyrethroid,0.05,An. funestus,female,adult,2,20,0,0,1,1,3,4,6,12,8
"May, 2022",Tanga,Muheza,Kwamwale,-5.156032,38.737162,25.4,79,Deltamethrin,Pyrethroid,0.05,An. funestus,female,adult,3,20,0,0,0,0,2,3,4,10,10
"May, 2022",Tanga,Muheza,Kwamwale,-5.156032,38.737162,25.4,79,Deltamethrin,Pyrethroid,0.05,An. funestus,female,adult,4,20,0,0,0,0,0,1,5,9,11
"May, 2022",Tanga,Muheza,Kwamwale,-5.156032,38.737162,25.4,79,control,,,An. funestus,female,adult,1,20,0,0,0,0,0,0,0,20,0
"May, 2022",Tanga,Muheza,Kwamwale,-5.156032,38.737162,25.4,79,control,,,An. funestus,female,adult,2,20,0,0,0,0,0,0,0,20,0
"May, 2022",Tanga,Muheza,Kwamwale,-5.156032,38.737162,27.6,72.3,Deltamethrin 5x,Pyrethroid,0.25,An. funestus,female,adult,1,20,1,1,3,8,12,16,19,3,17
"May, 2022",Tanga,Muheza,Kwamwale,-5.156032,38.737162,27.6,72.3,Deltamethrin 5x,Pyrethroid,0.25,An. funestus,female,adult,2,20,0,2,3,10,13,16,18,1,19
"May, 2022",Tanga,Muheza,Kwamwale,-5.156032,38.737162,27.6,72.3,Deltamethrin 5x,Pyrethroid,0.25,An. funestus,female,adult,3,20,2,8,8,12,17,17,18,1,19
"May, 2022",Tanga,Muheza,Kwamwale,-5.156032,38.737162,27.6,72.3,Deltamethrin 5x,Pyrethroid,0.25,An. funestus,female,adult,4,20,0,1,3,10,16,18,18,1,19
"May, 2022",Tanga,Muheza,Kwamwale,-5.156032,38.737162,27.6,72.3,control,,,An. funestus,female,adult,1,20,0,0,0,0,0,0,0,20,0
"May, 2022",Tanga,Muheza,Kwamwale,-5.156032,38.737162,27.6,72.3,control,,,An. funestus,female,adult,2,20,0,0,0,0,0,0,0,19,1
"May, 2022",Tanga,Muheza,Kwamwale,-5.156032,38.737162,25.4,79,Deltamethrin + PBO,Pyrethroid,,An. funestus,female,adult,1,20,,,,,,,19,1,19
"May, 2022",Tanga,Muheza,Kwamwale,-5.156032,38.737162,25.4,79,Deltamethrin + PBO,Pyrethroid,,An. funestus,female,adult,2,20,,,,,,,20,1,19
"May, 2022",Tanga,Muheza,Kwamwale,-5.156032,38.737162,25.4,79,Deltamethrin + PBO,Pyrethroid,,An. funestus,female,adult,3,20,,,,,,,20,1,19
"May, 2022",Tanga,Muheza,Kwamwale,-5.156032,38.737162,25.4,79,Deltamethrin + PBO,Pyrethroid,,An. funestus,female,adult,4,20,,,,,,,19,1,19
"May, 2022",Tanga,Muheza,Kwamwale,-5.156032,38.737162,25.4,79,control,Pyrethroid,,An. funestus,female,adult,1,20,,,,,,,0,20,0
"May, 2022",Tanga,Muheza,Kwamwale,-5.156032,38.737162,25.4,79,control,Pyrethroid,,An. funestus,female,adult,2,20,,,,,,,0,19,1
"May, 2022",Tanga,Muheza,Kwamwale,-5.156032,38.737162,27,62,Permethrin,Pyrethroid,0.75,An. funestus,female,adult,1,20,1,2,2,6,11,16,18,2,18
"May, 2022",Tanga,Muheza,Kwamwale,-5.156032,38.737162,27,62,Permethrin,Pyrethroid,0.75,An. funestus,female,adult,2,20,0,1,3,7,12,15,17,2,18
"May, 2022",Tanga,Muheza,Kwamwale,-5.156032,38.737162,27,62,Permethrin,Pyrethroid,0.75,An. funestus,female,adult,3,20,1,1,1,6,11,14,17,6,14
"May, 2022",Tanga,Muheza,Kwamwale,-5.156032,38.737162,27,62,Permethrin,Pyrethroid,0.75,An. funestus,female,adult,4,20,0,1,2,8,13,13,15,8,12
"May, 2022",Tanga,Muheza,Kwamwale,-5.156032,38.737162,27,62,control,,,An. funestus,female,adult,1,20,0,0,0,0,0,0,0,19,1
"May, 2022",Tanga,Muheza,Kwamwale,-5.156032,38.737162,27,62,control,,,An. funestus,female,adult,2,20,0,0,0,0,0,0,0,19,1
"May, 2022",Tanga,Muheza,Kwamwale,-5.156032,38.737162,28.3,55.6,Permethrin 5x,Pyrethroid,3.75,An. funestus,female,adult,1,20,5,11,16,18,20,20,20,1,19
"May, 2022",Tanga,Muheza,Kwamwale,-5.156032,38.737162,28.3,55.6,Permethrin 5x,Pyrethroid,3.75,An. funestus,female,adult,2,20,4,14,18,19,20,20,20,1,19
"May, 2022",Tanga,Muheza,Kwamwale,-5.156032,38.737162,28.3,55.6,Permethrin 5x,Pyrethroid,3.75,An. funestus,female,adult,3,20,7,12,17,19,20,20,20,1,19
"May, 2022",Tanga,Muheza,Kwamwale,-5.156032,38.737162,28.3,55.6,Permethrin 5x,Pyrethroid,3.75,An. funestus,female,adult,4,20,2,13,16,19,19,20,20,1,19
"May, 2022",Tanga,Muheza,Kwamwale,-5.156032,38.737162,28.3,55.6,control,Pyrethroid,,An. funestus,female,adult,1,20,0,0,0,0,0,0,0,19,1
"May, 2022",Tanga,Muheza,Kwamwale,-5.156032,38.737162,28.3,55.6,control,Pyrethroid,,An. funestus,female,adult,2,20,0,0,0,0,0,0,0,19,1
"Sep, 2022",Mtwara,Mtwara_rural,Mahurunga,-10.536058,40.279246,29.2,54.7,Deltamethrin,Pyrethroid,0.05,An. funestus,female,adult,1,20,1,1,1,2,3,3,4,15,5
"Sep, 2022",Mtwara,Mtwara_rural,Mahurunga,-10.536058,40.279246,29.2,54.7,Deltamethrin,Pyrethroid,0.05,An. funestus,female,adult,2,20,0,0,1,1,1,1,2,17,3
"Sep, 2022",Mtwara,Mtwara_rural,Mahurunga,-10.536058,40.279246,29.2,54.7,Deltamethrin,Pyrethroid,0.05,An. funestus,female,adult,3,20,1,1,1,2,2,3,4,13,7
"Sep, 2022",Mtwara,Mtwara_rural,Mahurunga,-10.536058,40.279246,29.2,54.7,Deltamethrin,Pyrethroid,0.05,An. funestus,female,adult,4,20,1,1,1,1,3,2,5,15,5
"Sep, 2022",Mtwara,Mtwara_rural,Mahurunga,-10.536058,40.279246,29.2,54.7,control,,,An. funestus,female,adult,1,20,0,0,0,0,0,0,0,18,2
"Sep, 2022",Mtwara,Mtwara_rural,Mahurunga,-10.536058,40.279246,29.2,54.7,control,,,An. funestus,female,adult,2,20,0,0,0,0,0,0,0,19,1
"Sep, 2022",Mtwara,Mtwara_rural,Mahurunga,-10.536058,40.279246,29.2,54.7,Deltamethrin 5x,Pyrethroid,0.25,An. funestus,female,adult,1,20,3,5,6,8,11,13,15,5,15
"Sep, 2022",Mtwara,Mtwara_rural,Mahurunga,-10.536058,40.279246,29.2,54.7,Deltamethrin 5x,Pyrethroid,0.25,An. funestus,female,adult,2,20,1,1,4,5,11,12,12,3,17
"Sep, 2022",Mtwara,Mtwara_rural,Mahurunga,-10.536058,40.279246,29.2,54.7,Deltamethrin 5x,Pyrethroid,0.25,An. funestus,female,adult,3,20,0,0,2,4,8,8,9,4,16
"Sep, 2022",Mtwara,Mtwara_rural,Mahurunga,-10.536058,40.279246,29.2,54.7,Deltamethrin 5x,Pyrethroid,0.25,An. funestus,female,adult,4,20,0,0,1,2,6,9,8,6,14
"Sep, 2022",Mtwara,Mtwara_rural,Mahurunga,-10.536058,40.279246,29.2,54.7,control,,,An. funestus,female,adult,1,20,0,0,0,0,0,0,0,20,0
"Sep, 2022",Mtwara,Mtwara_rural,Mahurunga,-10.536058,40.279246,29.2,54.7,control,,,An. funestus,female,adult,2,20,0,0,0,0,0,0,0,19,1
"Sep, 2022",Mtwara,Mtwara_rural,Mahurunga,-10.536058,40.279246,28.6,57.7,DDT,Organochlorine,4,An. funestus,female,adult,1,20,1,1,2,8,16,19,20,1,19
"Sep, 2022",Mtwara,Mtwara_rural,Mahurunga,-10.536058,40.279246,28.6,57.7,DDT,Organochlorine,4,An. funestus,female,adult,2,20,1,1,3,8,14,18,19,1,19
"Sep, 2022",Mtwara,Mtwara_rural,Mahurunga,-10.536058,40.279246,28.6,57.7,DDT,Organochlorine,4,An. funestus,female,adult,3,20,0,0,2,8,19,20,20,1,19
"Sep, 2022",Mtwara,Mtwara_rural,Mahurunga,-10.536058,40.279246,28.6,57.7,DDT,Organochlorine,4,An. funestus,female,adult,4,20,0,0,1,15,20,20,20,1,19
"Sep, 2022",Mtwara,Mtwara_rural,Mahurunga,-10.536058,40.279246,28.6,57.7,control,,,An. funestus,female,adult,1,20,0,0,0,0,0,0,0,19,1
"Sep, 2022",Mtwara,Mtwara_rural,Mahurunga,-10.536058,40.279246,28.6,57.7,control,,,An. funestus,female,adult,2,20,0,0,0,0,0,0,0,20,0
"Sep, 2022",Mtwara,Mtwara_rural,Mahurunga,-10.536058,40.279246,28.5,55.1,Deltamethrin 10x,Pyrethroid,0.5,An. funestus,female,adult,1,20,2,2,3,3,5,4,5,4,16
"Sep, 2022",Mtwara,Mtwara_rural,Mahurunga,-10.536058,40.279246,28.5,55.1,Deltamethrin 10x,Pyrethroid,0.5,An. funestus,female,adult,2,20,1,3,3,6,6,6,8,2,18
"Sep, 2022",Mtwara,Mtwara_rural,Mahurunga,-10.536058,40.279246,28.5,55.1,Deltamethrin 10x,Pyrethroid,0.5,An. funestus,female,adult,3,20,0,0,2,4,4,7,10,1,19
"Sep, 2022",Mtwara,Mtwara_rural,Mahurunga,-10.536058,40.279246,28.5,55.1,Deltamethrin 10x,Pyrethroid,0.5,An. funestus,female,adult,4,20,0,0,2,4,6,6,5,9,11
"Sep, 2022",Mtwara,Mtwara_rural,Mahurunga,-10.536058,40.279246,28.5,55.1,control,,,An. funestus,female,adult,1,20,0,0,0,0,0,0,0,20,0
"Sep, 2022",Mtwara,Mtwara_rural,Mahurunga,-10.536058,40.279246,28.5,55.1,control,,,An. funestus,female,adult,2,20,0,0,0,0,0,0,0,19,1
"Sep, 2022",Mtwara,Mtwara_rural,Mahurunga,-10.536058,40.279246,29,55.5,Bendiocarb,Carbamate,0.1,An. funestus,female,adult,1,20,0,1,6,9,16,20,20,8,12
"Sep, 2022",Mtwara,Mtwara_rural,Mahurunga,-10.536058,40.279246,29,55.5,Bendiocarb,Carbamate,0.1,An. funestus,female,adult,2,20,1,1,5,8,14,19,19,3,17
"Sep, 2022",Mtwara,Mtwara_rural,Mahurunga,-10.536058,40.279246,29,55.5,Bendiocarb,Carbamate,0.1,An. funestus,female,adult,3,20,0,2,4,6,17,20,19,2,18
"Sep, 2022",Mtwara,Mtwara_rural,Mahurunga,-10.536058,40.279246,29,55.5,Bendiocarb,Carbamate,0.1,An. funestus,female,adult,4,20,0,1,4,10,16,18,20,4,16
"Sep, 2022",Mtwara,Mtwara_rural,Mahurunga,-10.536058,40.279246,29,55.5,control,,,An. funestus,female,adult,1,20,0,0,0,0,0,0,0,19,1
"Sep, 2022",Mtwara,Mtwara_rural,Mahurunga,-10.536058,40.279246,29,55.5,control,,,An. funestus,female,adult,2,20,0,0,0,0,0,0,0,19,1
"Sep, 2022",Mtwara,Mtwara_rural,Mahurunga,-10.536058,40.279246,29,59.3,Pirimiphos-methyl,Organophosphate,2.5,An. funestus,female,adult,1,20,6,20,20,20,20,20,20,1,19
"Sep, 2022",Mtwara,Mtwara_rural,Mahurunga,-10.536058,40.279246,29,59.3,Pirimiphos-methyl,Organophosphate,2.5,An. funestus,female,adult,2,20,8,20,20,20,20,20,20,0,20
"Sep, 2022",Mtwara,Mtwara_rural,Mahurunga,-10.536058,40.279246,29,59.3,Pirimiphos-methyl,Organophosphate,2.5,An. funestus,female,adult,3,20,14,20,20,20,20,20,20,0,20
"Sep, 2022",Mtwara,Mtwara_rural,Mahurunga,-10.536058,40.279246,29,59.3,Pirimiphos-methyl,Organophosphate,2.5,An. funestus,female,adult,4,20,1,17,20,20,20,20,20,0,20
"Sep, 2022",Mtwara,Mtwara_rural,Mahurunga,-10.536058,40.279246,29,59.3,control,,,An. funestus,female,adult,1,20,0,0,0,0,0,0,0,18,2
"Sep, 2022",Mtwara,Mtwara_rural,Mahurunga,-10.536058,40.279246,29,59.3,control,,,An. funestus,female,adult,2,20,0,0,0,0,0,0,0,19,1
"Sep, 2022",Mtwara,Mtwara_rural,Mahurunga,-10.536058,40.279246,27.6,67.9,Permethrin,Pyrethroid,0.75,An. funestus,female,adult,1,20,0,2,1,2,4,7,8,6,14
"Sep, 2022",Mtwara,Mtwara_rural,Mahurunga,-10.536058,40.279246,27.6,67.9,Permethrin,Pyrethroid,0.75,An. funestus,female,adult,2,20,0,1,1,3,4,8,9,8,12
"Sep, 2022",Mtwara,Mtwara_rural,Mahurunga,-10.536058,40.279246,27.6,67.9,Permethrin,Pyrethroid,0.75,An. funestus,female,adult,3,20,0,0,2,3,5,6,8,8,12
"Sep, 2022",Mtwara,Mtwara_rural,Mahurunga,-10.536058,40.279246,27.6,67.9,Permethrin,Pyrethroid,0.75,An. funestus,female,adult,4,20,0,0,2,3,3,5,7,9,11
"Sep, 2022",Mtwara,Mtwara_rural,Mahurunga,-10.536058,40.279246,27.6,67.9,control,,,An. funestus,female,adult,1,20,0,0,0,0,0,0,0,20,0
"Sep, 2022",Mtwara,Mtwara_rural,Mahurunga,-10.536058,40.279246,27.6,67.9,control,,,An. funestus,female,adult,2,20,0,0,0,0,0,0,0,20,0
"Sep, 2022",Mtwara,Mtwara_rural,Mahurunga,-10.536058,40.279246,28.7,53.4,Permethrin 5x,Pyrethroid,3.75,An. funestus,female,adult,1,20,8,12,13,16,19,18,19,1,19
"Sep, 2022",Mtwara,Mtwara_rural,Mahurunga,-10.536058,40.279246,28.7,53.4,Permethrin 5x,Pyrethroid,3.75,An. funestus,female,adult,2,20,7,11,14,15,18,19,19,1,19
"Sep, 2022",Mtwara,Mtwara_rural,Mahurunga,-10.536058,40.279246,28.7,53.4,Permethrin 5x,Pyrethroid,3.75,An. funestus,female,adult,3,20,5,10,13,15,18,18,18,1,19
"Sep, 2022",Mtwara,Mtwara_rural,Mahurunga,-10.536058,40.279246,28.7,53.4,Permethrin 5x,Pyrethroid,3.75,An. funestus,female,adult,4,20,9,10,13,14,19,20,20,1,19
"Sep, 2022",Mtwara,Mtwara_rural,Mahurunga,-10.536058,40.279246,28.7,53.4,control,Pyrethroid,,An. funestus,female,adult,1,20,0,0,0,0,0,0,0,20,0
"Sep, 2022",Mtwara,Mtwara_rural,Mahurunga,-10.536058,40.279246,28.7,53.4,control,Pyrethroid,,An. funestus,female,adult,2,20,0,0,0,0,0,0,0,19,1
"Sep, 2022",Mtwara,Mtwara_rural,Mahurunga,-10.536058,40.279246,29.8,71,Deltamethrin + PBO,Pyrethroid,,An. funestus,female,adult,1,20,,,,,,,19,1,19
"Sep, 2022",Mtwara,Mtwara_rural,Mahurunga,-10.536058,40.279246,29.8,71,Deltamethrin + PBO,Pyrethroid,,An. funestus,female,adult,2,20,,,,,,,20,1,19
"Sep, 2022",Mtwara,Mtwara_rural,Mahurunga,-10.536058,40.279246,29.8,71,Deltamethrin + PBO,Pyrethroid,,An. funestus,female,adult,3,20,,,,,,,19,1,19
"Sep, 2022",Mtwara,Mtwara_rural,Mahurunga,-10.536058,40.279246,29.8,71,control,,,An. funestus,female,adult,1,20,,,,,,,0,18,2
"Sep, 2022",Mtwara,Mtwara_rural,Mahurunga,-10.536058,40.279246,29.8,71,control,,,An. funestus,female,adult,2,20,,,,,,,0,20,0
"Oct, 2022",Lindi,Mtama,Mtua Longa,-10.21781,39.4919,30.4,53,Deltamethrin,Pyrethroid,0.05,An. funestus,female,adult,1,20,0,0,0,1,2,2,2,19,1
"Oct, 2022",Lindi,Mtama,Mtua Longa,-10.21781,39.4919,30.4,53,Deltamethrin,Pyrethroid,0.05,An. funestus,female,adult,2,20,0,0,0,1,1,2,2,19,1
"Oct, 2022",Lindi,Mtama,Mtua Longa,-10.21781,39.4919,30.4,53,Deltamethrin,Pyrethroid,0.05,An. funestus,female,adult,3,20,1,1,1,2,2,2,2,18,2
"Oct, 2022",Lindi,Mtama,Mtua Longa,-10.21781,39.4919,30.4,53,Deltamethrin,Pyrethroid,0.05,An. funestus,female,adult,4,20,0,0,0,0,2,2,1,18,2
"Oct, 2022",Lindi,Mtama,Mtua Longa,-10.21781,39.4919,30.4,53,control,,,An. funestus,female,adult,1,20,0,0,0,0,0,0,0,20,0
"Oct, 2022",Lindi,Mtama,Mtua Longa,-10.21781,39.4919,30.4,53,control,,,An. funestus,female,adult,2,20,0,0,0,0,0,0,0,19,1
"Oct, 2022",Lindi,Mtama,Mtua Longa,-10.21781,39.4919,30.8,50.3,Deltamethrin 5x,Pyrethroid,0.25,An. funestus,female,adult,1,20,1,1,3,3,3,5,5,3,17
"Oct, 2022",Lindi,Mtama,Mtua Longa,-10.21781,39.4919,30.8,50.3,Deltamethrin 5x,Pyrethroid,0.25,An. funestus,female,adult,2,20,1,1,1,2,5,7,7,3,17
"Oct, 2022",Lindi,Mtama,Mtua Longa,-10.21781,39.4919,30.8,50.3,Deltamethrin 5x,Pyrethroid,0.25,An. funestus,female,adult,3,20,1,1,4,5,5,6,6,8,12
"Oct, 2022",Lindi,Mtama,Mtua Longa,-10.21781,39.4919,30.8,50.3,Deltamethrin 5x,Pyrethroid,0.25,An. funestus,female,adult,4,20,2,2,3,5,6,6,7,7,13
"Oct, 2022",Lindi,Mtama,Mtua Longa,-10.21781,39.4919,30.8,50.3,control,,,An. funestus,female,adult,1,20,0,0,0,0,0,0,0,18,2
"Oct, 2022",Lindi,Mtama,Mtua Longa,-10.21781,39.4919,30.8,50.3,control,,,An. funestus,female,adult,2,20,0,0,0,0,0,0,0,20,0
"Oct, 2022",Lindi,Mtama,Mtua Longa,-10.21781,39.4919,30,53.5,DDT,Organochlorine,4,An. funestus,female,adult,1,20,0,1,3,11,18,20,20,1,19
"Oct, 2022",Lindi,Mtama,Mtua Longa,-10.21781,39.4919,30,53.5,DDT,Organochlorine,4,An. funestus,female,adult,2,20,0,1,4,8,18,20,20,1,19
"Oct, 2022",Lindi,Mtama,Mtua Longa,-10.21781,39.4919,30,53.5,DDT,Organochlorine,4,An. funestus,female,adult,3,20,0,1,4,14,20,20,20,1,19
"Oct, 2022",Lindi,Mtama,Mtua Longa,-10.21781,39.4919,30,53.5,DDT,Organochlorine,4,An. funestus,female,adult,4,20,0,2,5,11,17,20,20,1,19
"Oct, 2022",Lindi,Mtama,Mtua Longa,-10.21781,39.4919,30,53.5,control,,,An. funestus,female,adult,1,20,0,0,0,0,0,0,0,20,0
"Oct, 2022",Lindi,Mtama,Mtua Longa,-10.21781,39.4919,30,53.5,control,,,An. funestus,female,adult,2,20,0,0,0,0,0,0,0,19,1
"Oct, 2022",Lindi,Mtama,Mtua Longa,-10.21781,39.4919,28.5,55.1,Deltamethrin 10x,Pyrethroid,0.5,An. funestus,female,adult,1,20,4,4,6,7,10,11,16,1,19
"Oct, 2022",Lindi,Mtama,Mtua Longa,-10.21781,39.4919,28.5,55.1,Deltamethrin 10x,Pyrethroid,0.5,An. funestus,female,adult,2,20,1,3,1,4,7,6,9,4,16
"Oct, 2022",Lindi,Mtama,Mtua Longa,-10.21781,39.4919,28.5,55.1,Deltamethrin 10x,Pyrethroid,0.5,An. funestus,female,adult,3,20,1,3,3,4,7,5,11,2,18
"Oct, 2022",Lindi,Mtama,Mtua Longa,-10.21781,39.4919,28.5,55.1,Deltamethrin 10x,Pyrethroid,0.5,An. funestus,female,adult,4,20,1,1,2,4,3,6,4,4,16
"Oct, 2022",Lindi,Mtama,Mtua Longa,-10.21781,39.4919,28.5,55.1,control,,,An. funestus,female,adult,1,20,0,0,0,0,0,0,0,20,0
"Oct, 2022",Lindi,Mtama,Mtua Longa,-10.21781,39.4919,28.5,55.1,control,,,An. funestus,female,adult,2,20,0,0,0,0,0,0,0,19,1
"Oct, 2022",Lindi,Mtama,Mtua Longa,-10.21781,39.4919,32,36,Bendiocarb,Carbamate,0.1,An. funestus,female,adult,1,20,0,1,1,8,9,13,14,6,14
"Oct, 2022",Lindi,Mtama,Mtua Longa,-10.21781,39.4919,32,36,Bendiocarb,Carbamate,0.1,An. funestus,female,adult,2,20,0,1,2,6,11,11,15,2,18
"Oct, 2022",Lindi,Mtama,Mtua Longa,-10.21781,39.4919,32,36,Bendiocarb,Carbamate,0.1,An. funestus,female,adult,3,20,0,0,3,9,9,9,16,5,15
"Oct, 2022",Lindi,Mtama,Mtua Longa,-10.21781,39.4919,32,36,Bendiocarb,Carbamate,0.1,An. funestus,female,adult,4,20,0,0,7,12,14,15,18,6,14
"Oct, 2022",Lindi,Mtama,Mtua Longa,-10.21781,39.4919,32,36,control,,,An. funestus,female,adult,1,20,0,0,0,0,0,0,0,20,0
"Oct, 2022",Lindi,Mtama,Mtua Longa,-10.21781,39.4919,32,36,control,,,An. funestus,female,adult,2,20,0,0,0,0,0,0,0,20,0
"Oct, 2022",Lindi,Mtama,Mtua Longa,-10.21781,39.4919,32,36,Pirimiphos-methyl,Organophosphate,2.5,An. funestus,female,adult,1,20,16,20,20,20,20,20,20,1,19
"Oct, 2022",Lindi,Mtama,Mtua Longa,-10.21781,39.4919,32,36,Pirimiphos-methyl,Organophosphate,2.5,An. funestus,female,adult,2,20,12,20,20,20,20,20,20,0,20
"Oct, 2022",Lindi,Mtama,Mtua Longa,-10.21781,39.4919,32,36,Pirimiphos-methyl,Organophosphate,2.5,An. funestus,female,adult,3,20,13,20,20,20,20,20,20,0,20
"Oct, 2022",Lindi,Mtama,Mtua Longa,-10.21781,39.4919,32,36,Pirimiphos-methyl,Organophosphate,2.5,An. funestus,female,adult,4,20,12,19,19,20,20,20,20,0,20
"Oct, 2022",Lindi,Mtama,Mtua Longa,-10.21781,39.4919,32,36,control,,,An. funestus,female,adult,1,20,0,0,0,0,0,0,0,20,0
"Oct, 2022",Lindi,Mtama,Mtua Longa,-10.21781,39.4919,32,36,control,,,An. funestus,female,adult,2,20,0,0,0,0,0,0,0,19,1
"Oct, 2022",Lindi,Mtama,Mtua Longa,-10.21781,39.4919,30,44.6,Permethrin,Pyrethroid,0.75,An. funestus,female,adult,1,20,0,1,1,4,4,8,9,13,7
"Oct, 2022",Lindi,Mtama,Mtua Longa,-10.21781,39.4919,30,44.6,Permethrin,Pyrethroid,0.75,An. funestus,female,adult,2,20,0,1,1,6,8,8,10,11,9
"Oct, 2022",Lindi,Mtama,Mtua Longa,-10.21781,39.4919,30,44.6,Permethrin,Pyrethroid,0.75,An. funestus,female,adult,3,20,0,1,1,3,7,7,10,10,10
"Oct, 2022",Lindi,Mtama,Mtua Longa,-10.21781,39.4919,30,44.6,Permethrin,Pyrethroid,0.75,An. funestus,female,adult,4,20,0,1,1,3,8,8,9,16,4
"Oct, 2022",Lindi,Mtama,Mtua Longa,-10.21781,39.4919,30,44.6,control,,,An. funestus,female,adult,1,20,0,0,0,0,0,0,0,19,1
"Oct, 2022",Lindi,Mtama,Mtua Longa,-10.21781,39.4919,30,44.6,control,,,An. funestus,female,adult,2,20,0,0,0,0,0,0,0,18,2
"Oct, 2022",Lindi,Mtama,Mtua Longa,-10.21781,39.4919,29.9,53.7,Permethrin 5x,Pyrethroid,3.75,An. funestus,female,adult,1,20,3,7,8,10,11,15,16,1,19
"Oct, 2022",Lindi,Mtama,Mtua Longa,-10.21781,39.4919,29.9,53.7,Permethrin 5x,Pyrethroid,3.75,An. funestus,female,adult,2,20,3,4,6,6,8,10,11,3,17
"Oct, 2022",Lindi,Mtama,Mtua Longa,-10.21781,39.4919,29.9,53.7,Permethrin 5x,Pyrethroid,3.75,An. funestus,female,adult,3,20,7,10,9,15,16,18,19,1,19
"Oct, 2022",Lindi,Mtama,Mtua Longa,-10.21781,39.4919,29.9,53.7,Permethrin 5x,Pyrethroid,3.75,An. funestus,female,adult,4,20,6,10,12,14,16,18,19,1,19
"Oct, 2022",Lindi,Mtama,Mtua Longa,-10.21781,39.4919,29.9,53.7,control,Pyrethroid,,An. funestus,female,adult,1,20,1,1,1,1,1,1,0,19,1
"Oct, 2022",Lindi,Mtama,Mtua Longa,-10.21781,39.4919,29.9,53.7,control,Pyrethroid,,An. funestus,female,adult,2,20,0,0,0,0,0,0,1,17,3
"Oct, 2022",Lindi,Mtama,Mtua Longa,-10.21781,39.4919,32,46.8,Deltamethrin + PBO,Pyrethroid,,An. funestus,female,adult,1,20,,,,,,,20,1,19
"Oct, 2022",Lindi,Mtama,Mtua Longa,-10.21781,39.4919,32,46.8,Deltamethrin + PBO,Pyrethroid,,An. funestus,female,adult,2,20,,,,,,,20,1,19
"Oct, 2022",Lindi,Mtama,Mtua Longa,-10.21781,39.4919,32,46.8,Deltamethrin + PBO,Pyrethroid,,An. funestus,female,adult,3,20,,,,,,,20,1,19
"Oct, 2022",Lindi,Mtama,Mtua Longa,-10.21781,39.4919,32,46.8,control,,,An. funestus,female,adult,1,20,,,,,,,1,19,1
"Oct, 2022",Lindi,Mtama,Mtua Longa,-10.21781,39.4919,32,46.8,control,,,An. funestus,female,adult,2,20,,,,,,,0,20,0
"Nov, 2022",Pwani,Bagamoyo,Sengasenga,-6.388377,38.58154,28,67,Deltamethrin,Pyrethroid,0.05,An. funestus,female,adult,1,20,0,0,1,1,2,3,4,13,7
"Nov, 2022",Pwani,Bagamoyo,Sengasenga,-6.388377,38.58154,28,67,Deltamethrin,Pyrethroid,0.05,An. funestus,female,adult,2,20,0,1,2,3,2,3,3,14,6
"Nov, 2022",Pwani,Bagamoyo,Sengasenga,-6.388377,38.58154,28,67,Deltamethrin,Pyrethroid,0.05,An. funestus,female,adult,3,20,0,0,0,1,2,2,3,12,8
"Nov, 2022",Pwani,Bagamoyo,Sengasenga,-6.388377,38.58154,28,67,Deltamethrin,Pyrethroid,0.05,An. funestus,female,adult,4,20,1,0,2,1,1,2,4,15,5
"Nov, 2022",Pwani,Bagamoyo,Sengasenga,-6.388377,38.58154,28,67,control,,,An. funestus,female,adult,1,20,0,0,0,0,1,1,1,18,2
"Nov, 2022",Pwani,Bagamoyo,Sengasenga,-6.388377,38.58154,28,67,control,,,An. funestus,female,adult,2,20,0,0,2,2,2,1,1,20,0
"Nov, 2022",Pwani,Bagamoyo,Sengasenga,-6.388377,38.58154,27.8,63.6,Deltamethrin 5x,Pyrethroid,0.25,An. funestus,female,adult,1,20,5,6,7,9,12,11,10,4,16
"Nov, 2022",Pwani,Bagamoyo,Sengasenga,-6.388377,38.58154,27.8,63.6,Deltamethrin 5x,Pyrethroid,0.25,An. funestus,female,adult,2,20,3,4,7,8,8,10,9,5,15
"Nov, 2022",Pwani,Bagamoyo,Sengasenga,-6.388377,38.58154,27.8,63.6,Deltamethrin 5x,Pyrethroid,0.25,An. funestus,female,adult,3,20,1,2,3,5,6,8,8,4,16
"Nov, 2022",Pwani,Bagamoyo,Sengasenga,-6.388377,38.58154,27.8,63.6,Deltamethrin 5x,Pyrethroid,0.25,An. funestus,female,adult,4,20,2,2,3,7,8,6,5,4,16
"Nov, 2022",Pwani,Bagamoyo,Sengasenga,-6.388377,38.58154,27.8,63.6,control,,,An. funestus,female,adult,1,20,0,0,0,0,0,0,0,19,1
"Nov, 2022",Pwani,Bagamoyo,Sengasenga,-6.388377,38.58154,27.8,63.6,control,,,An. funestus,female,adult,2,20,0,0,0,0,1,0,0,19,1
"Nov, 2022",Pwani,Bagamoyo,Sengasenga,-6.388377,38.58154,28,67,DDT,Organochlorine,4,An. funestus,female,adult,1,20,2,1,6,8,8,11,13,1,19
"Nov, 2022",Pwani,Bagamoyo,Sengasenga,-6.388377,38.58154,28,67,DDT,Organochlorine,4,An. funestus,female,adult,2,20,1,3,3,7,15,15,18,1,19
"Nov, 2022",Pwani,Bagamoyo,Sengasenga,-6.388377,38.58154,28,67,DDT,Organochlorine,4,An. funestus,female,adult,3,20,2,2,6,9,13,17,18,1,19
"Nov, 2022",Pwani,Bagamoyo,Sengasenga,-6.388377,38.58154,28,67,DDT,Organochlorine,4,An. funestus,female,adult,4,20,1,3,2,4,11,15,17,2,18
"Nov, 2022",Pwani,Bagamoyo,Sengasenga,-6.388377,38.58154,28,67,control,,,An. funestus,female,adult,1,20,0,0,0,0,0,0,0,20,0
"Nov, 2022",Pwani,Bagamoyo,Sengasenga,-6.388377,38.58154,28,67,control,,,An. funestus,female,adult,2,20,0,0,0,0,0,0,0,20,0
"Nov, 2022",Pwani,Bagamoyo,Sengasenga,-6.388377,38.58154,28,67,Deltamethrin 10x,Pyrethroid,0.5,An. funestus,female,adult,1,20,3,1,5,9,11,14,14,5,15
"Nov, 2022",Pwani,Bagamoyo,Sengasenga,-6.388377,38.58154,28,67,Deltamethrin 10x,Pyrethroid,0.5,An. funestus,female,adult,2,20,1,4,4,7,10,11,8,4,16
"Nov, 2022",Pwani,Bagamoyo,Sengasenga,-6.388377,38.58154,28,67,Deltamethrin 10x,Pyrethroid,0.5,An. funestus,female,adult,3,20,1,3,4,6,7,9,13,3,17
"Nov, 2022",Pwani,Bagamoyo,Sengasenga,-6.388377,38.58154,28,67,Deltamethrin 10x,Pyrethroid,0.5,An. funestus,female,adult,4,20,0,3,2,4,9,10,12,7,13
"Nov, 2022",Pwani,Bagamoyo,Sengasenga,-6.388377,38.58154,28,67,control,,,An. funestus,female,adult,1,20,0,0,0,0,0,0,0,20,0
"Nov, 2022",Pwani,Bagamoyo,Sengasenga,-6.388377,38.58154,28,67,control,,,An. funestus,female,adult,2,20,0,1,1,0,0,0,0,20,0
"Nov, 2022",Pwani,Bagamoyo,Sengasenga,-6.388377,38.58154,29,63,Bendiocarb,Carbamate,0.1,An. funestus,female,adult,1,20,1,3,8,17,17,18,20,1,19
"Nov, 2022",Pwani,Bagamoyo,Sengasenga,-6.388377,38.58154,29,63,Bendiocarb,Carbamate,0.1,An. funestus,female,adult,2,20,0,1,6,12,17,19,19,1,19
"Nov, 2022",Pwani,Bagamoyo,Sengasenga,-6.388377,38.58154,29,63,Bendiocarb,Carbamate,0.1,An. funestus,female,adult,3,20,2,1,8,13,17,19,16,1,19
"Nov, 2022",Pwani,Bagamoyo,Sengasenga,-6.388377,38.58154,29,63,Bendiocarb,Carbamate,0.1,An. funestus,female,adult,4,20,0,1,6,11,14,20,17,2,18
"Nov, 2022",Pwani,Bagamoyo,Sengasenga,-6.388377,38.58154,29,63,control,,,An. funestus,female,adult,1,20,0,0,0,0,0,0,0,20,0
"Nov, 2022",Pwani,Bagamoyo,Sengasenga,-6.388377,38.58154,29,63,control,,,An. funestus,female,adult,2,20,0,0,0,0,0,0,0,20,0
"Nov, 2022",Pwani,Bagamoyo,Sengasenga,-6.388377,38.58154,29,65,Pirimiphos-methyl,Organophosphate,2.5,An. funestus,female,adult,1,20,0,0,1,16,19,20,20,1,19
"Nov, 2022",Pwani,Bagamoyo,Sengasenga,-6.388377,38.58154,29,65,Pirimiphos-methyl,Organophosphate,2.5,An. funestus,female,adult,2,20,0,0,0,14,20,20,20,0,20
"Nov, 2022",Pwani,Bagamoyo,Sengasenga,-6.388377,38.58154,29,65,Pirimiphos-methyl,Organophosphate,2.5,An. funestus,female,adult,3,20,0,0,0,17,20,20,20,0,20
"Nov, 2022",Pwani,Bagamoyo,Sengasenga,-6.388377,38.58154,29,65,Pirimiphos-methyl,Organophosphate,2.5,An. funestus,female,adult,4,20,0,0,1,13,20,20,20,0,20
"Nov, 2022",Pwani,Bagamoyo,Sengasenga,-6.388377,38.58154,29,65,control,,,An. funestus,female,adult,1,20,0,0,0,0,0,0,0,20,0
"Nov, 2022",Pwani,Bagamoyo,Sengasenga,-6.388377,38.58154,29,65,control,,,An. funestus,female,adult,2,20,0,0,0,0,0,0,0,20,0
"Nov, 2022",Pwani,Bagamoyo,Sengasenga,-6.388377,38.58154,30,57,Permethrin,Pyrethroid,0.75,An. funestus,female,adult,1,20,2,1,3,3,5,9,11,8,12
"Nov, 2022",Pwani,Bagamoyo,Sengasenga,-6.388377,38.58154,30,57,Permethrin,Pyrethroid,0.75,An. funestus,female,adult,2,20,2,3,3,6,3,4,5,11,9
"Nov, 2022",Pwani,Bagamoyo,Sengasenga,-6.388377,38.58154,30,57,Permethrin,Pyrethroid,0.75,An. funestus,female,adult,3,20,1,5,4,6,9,11,12,7,13
"Nov, 2022",Pwani,Bagamoyo,Sengasenga,-6.388377,38.58154,30,57,Permethrin,Pyrethroid,0.75,An. funestus,female,adult,4,20,3,4,2,7,11,9,10,5,15
"Nov, 2022",Pwani,Bagamoyo,Sengasenga,-6.388377,38.58154,30,57,control,,,An. funestus,female,adult,1,20,0,0,0,0,0,0,0,19,1
"Nov, 2022",Pwani,Bagamoyo,Sengasenga,-6.388377,38.58154,30,57,control,,,An. funestus,female,adult,2,20,0,0,0,0,0,0,1,20,0
"Nov, 2022",Pwani,Bagamoyo,Sengasenga,-6.388377,38.58154,26,76,Permethrin 5x,Pyrethroid,3.75,An. funestus,female,adult,1,20,3,5,9,13,14,14,14,3,17
"Nov, 2022",Pwani,Bagamoyo,Sengasenga,-6.388377,38.58154,26,76,Permethrin 5x,Pyrethroid,3.75,An. funestus,female,adult,2,20,7,11,14,17,18,19,19,2,18
"Nov, 2022",Pwani,Bagamoyo,Sengasenga,-6.388377,38.58154,26,76,Permethrin 5x,Pyrethroid,3.75,An. funestus,female,adult,3,20,5,6,9,11,14,14,17,2,18
"Nov, 2022",Pwani,Bagamoyo,Sengasenga,-6.388377,38.58154,26,76,Permethrin 5x,Pyrethroid,3.75,An. funestus,female,adult,4,20,4,6,4,11,11,15,15,4,16
"Nov, 2022",Pwani,Bagamoyo,Sengasenga,-6.388377,38.58154,26,76,control,Pyrethroid,,An. funestus,female,adult,1,20,0,0,0,0,0,0,0,20,0
"Nov, 2022",Pwani,Bagamoyo,Sengasenga,-6.388377,38.58154,26,76,control,Pyrethroid,,An. funestus,female,adult,2,20,0,0,0,0,0,0,1,20,0
"Nov, 2022",Pwani,Bagamoyo,Sengasenga,-6.388377,38.58154,29,65,Deltamethrin + PBO,Pyrethroid,,An. funestus,female,adult,1,20,,,,,,,19,3,17
"Nov, 2022",Pwani,Bagamoyo,Sengasenga,-6.388377,38.58154,28,67,Deltamethrin + PBO,Pyrethroid,,An. funestus,female,adult,2,20,,,,,,,19,1,19
"Nov, 2022",Pwani,Bagamoyo,Sengasenga,-6.388377,38.58154,28,63,Deltamethrin + PBO,Pyrethroid,,An. funestus,female,adult,3,20,,,,,,,20,1,19
"Nov, 2022",Pwani,Bagamoyo,Sengasenga,-6.388377,38.58154,29,65,control,,,An. funestus,female,adult,1,20,,,,,,,0,20,0
"Nov, 2022",Pwani,Bagamoyo,Sengasenga,-6.388377,38.58154,29,65,control,,,An. funestus,female,adult,2,20,,,,,,,0,20,0
"Nov, 2022",Pwani,Bagamoyo,Sengasenga,-6.388377,38.58154,27,72,Permethrin 10x,Pyrethroid,7.5,An. funestus,female,adult,1,20,3,7,11,15,16,16,18,1,19
"Nov, 2022",Pwani,Bagamoyo,Sengasenga,-6.388377,38.58154,27,72,Permethrin 10x,Pyrethroid,7.5,An. funestus,female,adult,2,20,8,15,17,18,19,18,19,1,19
"Nov, 2022",Pwani,Bagamoyo,Sengasenga,-6.388377,38.58154,27,72,Permethrin 10x,Pyrethroid,7.5,An. funestus,female,adult,3,20,9,12,13,17,17,18,17,1,19
"Nov, 2022",Pwani,Bagamoyo,Sengasenga,-6.388377,38.58154,27,72,Permethrin 10x,Pyrethroid,7.5,An. funestus,female,adult,4,20,5,9,12,16,17,18,19,1,19
"Nov, 2022",Pwani,Bagamoyo,Sengasenga,-6.388377,38.58154,27,72,control,,7.5,An. funestus,female,adult,1,20,0,0,0,0,0,0,0,20,0
"Nov, 2022",Pwani,Bagamoyo,Sengasenga,-6.388377,38.58154,27,72,control,,7.5,An. funestus,female,adult,2,20,0,0,0,0,0,0,0,20,0
"Dec, 2022",Ruvuma,Tunduru,Nandembo,-10.966647,37.229773,33,28,DDT,Organochlorine,4,An. funestus,female,adult,1,20,0,1,4,9,11,16,17,1,19
"Dec, 2022",Ruvuma,Tunduru,Nandembo,-10.966647,37.229773,33,28,DDT,Organochlorine,4,An. funestus,female,adult,2,20,0,1,2,6,9,11,19,2,18
"Dec, 2022",Ruvuma,Tunduru,Nandembo,-10.966647,37.229773,33,28,DDT,Organochlorine,4,An. funestus,female,adult,3,20,1,3,4,6,13,15,18,1,19
"Dec, 2022",Ruvuma,Tunduru,Nandembo,-10.966647,37.229773,33,28,DDT,Organochlorine,4,An. funestus,female,adult,4,20,0,2,2,3,7,16,19,1,19
"Dec, 2022",Ruvuma,Tunduru,Nandembo,-10.966647,37.229773,33,28,control,,,An. funestus,female,adult,1,20,0,0,0,0,0,0,0,20,0
"Dec, 2022",Ruvuma,Tunduru,Nandembo,-10.966647,37.229773,33,28,control,,,An. funestus,female,adult,2,20,0,0,0,0,0,0,0,20,0
"Dec, 2022",Ruvuma,Tunduru,Nandembo,-10.966647,37.229773,26,67,Bendiocarb,Carbamate,0.1,An. funestus,female,adult,1,20,0,0,1,2,2,8,16,10,10
"Dec, 2022",Ruvuma,Tunduru,Nandembo,-10.966647,37.229773,26,67,Bendiocarb,Carbamate,0.1,An. funestus,female,adult,2,20,0,0,1,1,6,10,15,12,8
"Dec, 2022",Ruvuma,Tunduru,Nandembo,-10.966647,37.229773,26,67,Bendiocarb,Carbamate,0.1,An. funestus,female,adult,3,20,0,1,2,5,11,17,19,8,12
"Dec, 2022",Ruvuma,Tunduru,Nandembo,-10.966647,37.229773,26,67,Bendiocarb,Carbamate,0.1,An. funestus,female,adult,4,20,0,0,5,10,14,17,20,4,16
"Dec, 2022",Ruvuma,Tunduru,Nandembo,-10.966647,37.229773,26,67,control,,,An. funestus,female,adult,1,20,0,0,0,0,0,0,0,20,0
"Dec, 2022",Ruvuma,Tunduru,Nandembo,-10.966647,37.229773,26,67,control,,,An. funestus,female,adult,2,20,0,0,0,0,0,0,0,20,0
"Dec, 2022",Ruvuma,Tunduru,Nandembo,-10.966647,37.229773,33,38,Pirimiphos-methyl,Organophosphate,2.5,An. funestus,female,adult,1,20,6,17,20,20,20,20,20,1,19
"Dec, 2022",Ruvuma,Tunduru,Nandembo,-10.966647,37.229773,33,38,Pirimiphos-methyl,Organophosphate,2.5,An. funestus,female,adult,2,20,7,16,20,20,20,20,20,0,20
"Dec, 2022",Ruvuma,Tunduru,Nandembo,-10.966647,37.229773,33,38,Pirimiphos-methyl,Organophosphate,2.5,An. funestus,female,adult,3,20,4,17,20,20,20,20,20,0,20
"Dec, 2022",Ruvuma,Tunduru,Nandembo,-10.966647,37.229773,33,38,Pirimiphos-methyl,Organophosphate,2.5,An. funestus,female,adult,4,20,7,11,18,20,20,20,20,0,20
"Dec, 2022",Ruvuma,Tunduru,Nandembo,-10.966647,37.229773,33,38,control,,,An. funestus,female,adult,1,20,0,0,0,0,0,0,1,20,0
"Dec, 2022",Ruvuma,Tunduru,Nandembo,-10.966647,37.229773,33,38,control,,,An. funestus,female,adult,2,20,0,0,0,0,0,0,0,19,1
"Dec, 2022",Ruvuma,Tunduru,Nandembo,-10.966647,37.229773,31,35,Deltamethrin,Pyrethroid,0.05,An. funestus,female,adult,1,20,1,1,1,1,1,2,2,18,2
"Dec, 2022",Ruvuma,Tunduru,Nandembo,-10.966647,37.229773,31,35,Deltamethrin,Pyrethroid,0.05,An. funestus,female,adult,2,20,2,2,2,4,4,5,5,14,6
"Dec, 2022",Ruvuma,Tunduru,Nandembo,-10.966647,37.229773,31,35,Deltamethrin,Pyrethroid,0.05,An. funestus,female,adult,3,20,1,2,2,2,2,2,2,17,3
"Dec, 2022",Ruvuma,Tunduru,Nandembo,-10.966647,37.229773,31,35,Deltamethrin,Pyrethroid,0.05,An. funestus,female,adult,4,20,0,0,0,1,1,2,2,14,6
"Dec, 2022",Ruvuma,Tunduru,Nandembo,-10.966647,37.229773,31,35,control,,,An. funestus,female,adult,1,20,0,0,0,0,0,0,0,18,2
"Dec, 2022",Ruvuma,Tunduru,Nandembo,-10.966647,37.229773,31,35,control,,,An. funestus,female,adult,2,20,0,0,0,0,0,0,0,19,1
"Dec, 2022",Ruvuma,Tunduru,Nandembo,-10.966647,37.229773,29,59,Deltamethrin 5x,Pyrethroid,0.25,An. funestus,female,adult,1,20,0,1,2,3,6,9,9,9,11
"Dec, 2022",Ruvuma,Tunduru,Nandembo,-10.966647,37.229773,29,59,Deltamethrin 5x,Pyrethroid,0.25,An. funestus,female,adult,2,20,0,2,3,5,5,6,6,8,12
"Dec, 2022",Ruvuma,Tunduru,Nandembo,-10.966647,37.229773,29,59,Deltamethrin 5x,Pyrethroid,0.25,An. funestus,female,adult,3,20,0,1,3,3,3,4,7,9,11
"Dec, 2022",Ruvuma,Tunduru,Nandembo,-10.966647,37.229773,29,59,Deltamethrin 5x,Pyrethroid,0.25,An. funestus,female,adult,4,20,0,1,2,2,3,4,6,12,8
"Dec, 2022",Ruvuma,Tunduru,Nandembo,-10.966647,37.229773,29,59,control,,,An. funestus,female,adult,1,20,0,0,0,0,0,0,0,20,0
"Dec, 2022",Ruvuma,Tunduru,Nandembo,-10.966647,37.229773,29,59,control,,,An. funestus,female,adult,2,20,0,0,0,0,0,1,1,19,1
"Dec, 2022",Ruvuma,Tunduru,Nandembo,-10.966647,37.229773,33,35,Deltamethrin + PBO,Pyrethroid,,An. funestus,female,adult,1,20,,,,,,,19,1,19
"Dec, 2022",Ruvuma,Tunduru,Nandembo,-10.966647,37.229773,33,35,Deltamethrin + PBO,Pyrethroid,,An. funestus,female,adult,2,20,,,,,,,20,1,19
"Dec, 2022",Ruvuma,Tunduru,Nandembo,-10.966647,37.229773,33,35,Deltamethrin + PBO,Pyrethroid,,An. funestus,female,adult,3,20,,,,,,,20,1,19
"Dec, 2022",Ruvuma,Tunduru,Nandembo,-10.966647,37.229773,33,35,control,,,An. funestus,female,adult,1,20,,,,,,,0,19,1
"Dec, 2022",Ruvuma,Tunduru,Nandembo,-10.966647,37.229773,33,35,control,,,An. funestus,female,adult,2,20,,,,,,,0,20,0
"Dec, 2022",Ruvuma,Tunduru,Nandembo,-10.966647,37.229773,27,63,Permethrin,Pyrethroid,0.75,An. funestus,female,adult,1,20,0,2,2,2,4,4,7,16,4
"Dec, 2022",Ruvuma,Tunduru,Nandembo,-10.966647,37.229773,27,63,Permethrin,Pyrethroid,0.75,An. funestus,female,adult,2,20,0,0,2,4,4,5,10,14,6
"Dec, 2022",Ruvuma,Tunduru,Nandembo,-10.966647,37.229773,27,63,Permethrin,Pyrethroid,0.75,An. funestus,female,adult,3,20,0,0,4,7,7,7,10,13,7
"Dec, 2022",Ruvuma,Tunduru,Nandembo,-10.966647,37.229773,27,63,Permethrin,Pyrethroid,0.75,An. funestus,female,adult,4,20,0,3,3,4,5,6,9,14,6
"Dec, 2022",Ruvuma,Tunduru,Nandembo,-10.966647,37.229773,27,63,control,,,An. funestus,female,adult,1,20,0,0,0,0,0,0,0,20,0
"Dec, 2022",Ruvuma,Tunduru,Nandembo,-10.966647,37.229773,27,63,control,,,An. funestus,female,adult,2,20,0,0,0,0,0,0,0,20,0
"Dec, 2022",Ruvuma,Tunduru,Nandembo,-10.966647,37.229773,30,49,Permethrin 5x,Pyrethroid,3.75,An. funestus,female,adult,1,20,3,4,7,8,9,11,13,3,17
"Dec, 2022",Ruvuma,Tunduru,Nandembo,-10.966647,37.229773,30,49,Permethrin 5x,Pyrethroid,3.75,An. funestus,female,adult,2,20,3,5,7,9,14,15,15,2,18
"Dec, 2022",Ruvuma,Tunduru,Nandembo,-10.966647,37.229773,30,49,Permethrin 5x,Pyrethroid,3.75,An. funestus,female,adult,3,20,3,5,7,7,10,12,14,2,18
"Dec, 2022",Ruvuma,Tunduru,Nandembo,-10.966647,37.229773,30,49,Permethrin 5x,Pyrethroid,3.75,An. funestus,female,adult,4,20,2,4,8,11,11,16,17,2,18
"Dec, 2022",Ruvuma,Tunduru,Nandembo,-10.966647,37.229773,30,49,control,Pyrethroid,,An. funestus,female,adult,1,20,0,0,0,0,0,0,0,20,0
"Dec, 2022",Ruvuma,Tunduru,Nandembo,-10.966647,37.229773,30,49,control,Pyrethroid,,An. funestus,female,adult,2,20,0,0,0,0,0,0,0,19,1
"Mar, 2023",Mwanza,Misungwi,Nyang'omango,-3.04994,32.80001,29,41,Deltamethrin,Pyrethroid,0.05,An. funestus,female,adult,1,20,0,0,0,1,2,2,4,11,9
"Mar, 2023",Mwanza,Misungwi,Nyang'omango,-3.04994,32.80001,29,41,Deltamethrin,Pyrethroid,0.05,An. funestus,female,adult,2,20,0,0,0,1,2,1,4,15,5
"Mar, 2023",Mwanza,Misungwi,Nyang'omango,-3.04994,32.80001,29,41,Deltamethrin,Pyrethroid,0.05,An. funestus,female,adult,3,20,0,1,1,2,1,3,6,16,4
"Mar, 2023",Mwanza,Misungwi,Nyang'omango,-3.04994,32.80001,29,41,Deltamethrin,Pyrethroid,0.05,An. funestus,female,adult,4,20,0,0,0,2,1,3,4,16,4
"Mar, 2023",Mwanza,Misungwi,Nyang'omango,-3.04994,32.80001,29,41,control,,,An. funestus,female,adult,1,20,0,0,0,0,0,0,0,20,0
"Mar, 2023",Mwanza,Misungwi,Nyang'omango,-3.04994,32.80001,29,41,control,,,An. funestus,female,adult,2,20,0,0,0,0,0,0,0,20,0
"Mar, 2023",Mwanza,Misungwi,Nyang'omango,-3.04994,32.80001,25,67,Permethrin,Pyrethroid,0.75,An. funestus,female,adult,1,20,0,0,1,1,3,4,6,16,4
"Mar, 2023",Mwanza,Misungwi,Nyang'omango,-3.04994,32.80001,25,67,Permethrin,Pyrethroid,0.75,An. funestus,female,adult,2,20,0,2,3,3,5,7,8,12,8
"Mar, 2023",Mwanza,Misungwi,Nyang'omango,-3.04994,32.80001,25,67,Permethrin,Pyrethroid,0.75,An. funestus,female,adult,3,20,0,0,1,2,4,6,11,10,10
"Mar, 2023",Mwanza,Misungwi,Nyang'omango,-3.04994,32.80001,25,67,Permethrin,Pyrethroid,0.75,An. funestus,female,adult,4,20,0,0,1,3,4,5,7,9,11
"Mar, 2023",Mwanza,Misungwi,Nyang'omango,-3.04994,32.80001,25,67,control,,,An. funestus,female,adult,1,20,0,0,0,0,0,0,0,19,1
"Mar, 2023",Mwanza,Misungwi,Nyang'omango,-3.04994,32.80001,25,67,control,,,An. funestus,female,adult,2,20,0,0,1,1,0,0,0,20,0
"Mar, 2023",Mwanza,Misungwi,Nyang'omango,-3.04994,32.80001,23,72,Deltamethrin 5x,Pyrethroid,0.25,An. funestus,female,adult,1,20,0,1,2,3,5,7,8,3,17
"Mar, 2023",Mwanza,Misungwi,Nyang'omango,-3.04994,32.80001,23,72,Deltamethrin 5x,Pyrethroid,0.25,An. funestus,female,adult,2,20,0,2,3,4,3,4,6,12,8
"Mar, 2023",Mwanza,Misungwi,Nyang'omango,-3.04994,32.80001,23,72,Deltamethrin 5x,Pyrethroid,0.25,An. funestus,female,adult,3,20,0,2,2,2,2,3,6,11,9
"Mar, 2023",Mwanza,Misungwi,Nyang'omango,-3.04994,32.80001,23,72,Deltamethrin 5x,Pyrethroid,0.25,An. funestus,female,adult,4,20,0,2,3,3,4,4,7,11,9
"Mar, 2023",Mwanza,Misungwi,Nyang'omango,-3.04994,32.80001,23,72,control,,,An. funestus,female,adult,1,20,0,0,0,0,0,0,0,20,0
"Mar, 2023",Mwanza,Misungwi,Nyang'omango,-3.04994,32.80001,23,72,control,,,An. funestus,female,adult,2,20,0,0,0,0,0,0,0,20,0
"Mar, 2023",Mwanza,Misungwi,Nyang'omango,-3.04994,32.80001,27,53,Permethrin 5x,Pyrethroid,3.75,An. funestus,female,adult,1,20,2,5,6,13,14,16,16,1,19
"Mar, 2023",Mwanza,Misungwi,Nyang'omango,-3.04994,32.80001,27,53,Permethrin 5x,Pyrethroid,3.75,An. funestus,female,adult,2,20,1,8,11,14,17,16,18,1,19
"Mar, 2023",Mwanza,Misungwi,Nyang'omango,-3.04994,32.80001,27,53,Permethrin 5x,Pyrethroid,3.75,An. funestus,female,adult,3,20,3,8,8,10,11,14,17,1,19
"Mar, 2023",Mwanza,Misungwi,Nyang'omango,-3.04994,32.80001,27,53,Permethrin 5x,Pyrethroid,3.75,An. funestus,female,adult,4,20,2,6,9,13,15,17,18,2,18
"Mar, 2023",Mwanza,Misungwi,Nyang'omango,-3.04994,32.80001,27,53,control,,,An. funestus,female,adult,1,20,0,0,0,0,0,0,0,20,0
"Mar, 2023",Mwanza,Misungwi,Nyang'omango,-3.04994,32.80001,27,53,control,,,An. funestus,female,adult,2,20,0,0,0,0,0,0,0,20,0
"Mar, 2023",Mwanza,Misungwi,Nyang'omango,-3.04994,32.80001,24,64,Deltamethrin 10x,Pyrethroid,0.5,An. funestus,female,adult,1,20,0,1,2,4,8,11,12,3,17
"Mar, 2023",Mwanza,Misungwi,Nyang'omango,-3.04994,32.80001,24,64,Deltamethrin 10x,Pyrethroid,0.5,An. funestus,female,adult,2,20,0,1,1,6,8,12,15,4,16
"Mar, 2023",Mwanza,Misungwi,Nyang'omango,-3.04994,32.80001,24,64,Deltamethrin 10x,Pyrethroid,0.5,An. funestus,female,adult,3,20,1,2,3,8,12,14,15,3,17
"Mar, 2023",Mwanza,Misungwi,Nyang'omango,-3.04994,32.80001,24,64,Deltamethrin 10x,Pyrethroid,0.5,An. funestus,female,adult,4,20,0,3,3,7,9,14,15,4,16
"Mar, 2023",Mwanza,Misungwi,Nyang'omango,-3.04994,32.80001,24,64,control,Pyrethroid,,An. funestus,female,adult,1,20,0,0,0,0,0,0,0,20,0
"Mar, 2023",Mwanza,Misungwi,Nyang'omango,-3.04994,32.80001,24,64,control,Pyrethroid,,An. funestus,female,adult,2,20,0,0,0,0,0,0,0,20,0
"Mar, 2023",Mwanza,Misungwi,Nyang'omango,-3.04994,32.80001,24,70,Deltamethrin + PBO,Pyrethroid,,An. funestus,female,adult,1,20,,,,,,,,3,17
"Mar, 2023",Mwanza,Misungwi,Nyang'omango,-3.04994,32.80001,24,70,Deltamethrin + PBO,Pyrethroid,,An. funestus,female,adult,2,20,,,,,,,,1,19
"Mar, 2023",Mwanza,Misungwi,Nyang'omango,-3.04994,32.80001,24,70,Deltamethrin + PBO,Pyrethroid,,An. funestus,female,adult,3,20,,,,,,,,1,19
"Mar, 2023",Mwanza,Misungwi,Nyang'omango,-3.04994,32.80001,24,70,control,,,An. funestus,female,adult,1,20,,,,,,,,19,1
"Mar, 2023",Mwanza,Misungwi,Nyang'omango,-3.04994,32.80001,24,70,control,,,An. funestus,female,adult,2,20,,,,,,,,19,1
"Mar, 2023",Mwanza,Misungwi,Nyang'omango,-3.04994,32.80001,24,70,DDT,Organochlorine,4,An. funestus,female,adult,1,20,1,1,1,5,14,16,15,2,18
"Mar, 2023",Mwanza,Misungwi,Nyang'omango,-3.04994,32.80001,24,70,DDT,Organochlorine,4,An. funestus,female,adult,2,20,0,0,0,3,8,14,16,3,17
"Mar, 2023",Mwanza,Misungwi,Nyang'omango,-3.04994,32.80001,24,70,DDT,Organochlorine,4,An. funestus,female,adult,3,20,0,1,0,2,8,15,18,1,19
"Mar, 2023",Mwanza,Misungwi,Nyang'omango,-3.04994,32.80001,24,70,DDT,Organochlorine,4,An. funestus,female,adult,4,20,1,1,0,3,9,13,17,1,19
"Mar, 2023",Mwanza,Misungwi,Nyang'omango,-3.04994,32.80001,24,70,control,,,An. funestus,female,adult,1,20,0,0,0,0,0,0,0,20,0
"Mar, 2023",Mwanza,Misungwi,Nyang'omango,-3.04994,32.80001,24,70,control,,,An. funestus,female,adult,2,20,0,0,0,0,0,0,0,20,0
"Mar, 2023",Mwanza,Misungwi,Nyang'omango,-3.04994,32.80001,26,59,Pirimiphos-methyl,Organophospahate,2.5,An. funestus,female,adult,1,20,0,0,0,0,4,14,19,1,19
"Mar, 2023",Mwanza,Misungwi,Nyang'omango,-3.04994,32.80001,26,59,Pirimiphos-methyl,Organophospahate,2.5,An. funestus,female,adult,2,20,0,0,0,0,5,11,17,0,20
"Mar, 2023",Mwanza,Misungwi,Nyang'omango,-3.04994,32.80001,26,59,Pirimiphos-methyl,Organophospahate,2.5,An. funestus,female,adult,3,20,1,0,0,0,5,16,20,0,20
"Mar, 2023",Mwanza,Misungwi,Nyang'omango,-3.04994,32.80001,26,59,Pirimiphos-methyl,Organophospahate,2.5,An. funestus,female,adult,4,20,0,0,0,2,9,15,17,0,20
"Mar, 2023",Mwanza,Misungwi,Nyang'omango,-3.04994,32.80001,26,59,control,,,An. funestus,female,adult,1,20,0,0,0,0,0,0,0,20,0
"Mar, 2023",Mwanza,Misungwi,Nyang'omango,-3.04994,32.80001,26,59,control,,,An. funestus,female,adult,2,20,0,0,0,0,0,0,0,20,0
"Mar, 2023",Mwanza,Misungwi,Nyang'omango,-3.04994,32.80001,26,73,Bendiocarb,Carbamate,0.1,An. funestus,female,adult,1,20,0,0,2,9,19,20,20,1,19
"Mar, 2023",Mwanza,Misungwi,Nyang'omango,-3.04994,32.80001,26,73,Bendiocarb,Carbamate,0.1,An. funestus,female,adult,2,20,0,0,4,14,18,20,20,1,19
"Mar, 2023",Mwanza,Misungwi,Nyang'omango,-3.04994,32.80001,26,73,Bendiocarb,Carbamate,0.1,An. funestus,female,adult,3,20,0,0,4,16,17,20,20,1,19
"Mar, 2023",Mwanza,Misungwi,Nyang'omango,-3.04994,32.80001,26,73,Bendiocarb,Carbamate,0.1,An. funestus,female,adult,4,20,0,1,4,17,19,20,20,1,19
"Mar, 2023",Mwanza,Misungwi,Nyang'omango,-3.04994,32.80001,26,73,control,,,An. funestus,female,adult,1,20,0,0,0,0,0,0,0,20,0
"Mar, 2023",Mwanza,Misungwi,Nyang'omango,-3.04994,32.80001,26,73,control,,,An. funestus,female,adult,2,20,0,0,0,0,0,0,0,20,0
