SampleID,Death,L967F_1,L967F_2,P1842S_1,P1842S_2,L967F,P1842S
MOR-1-R,0,kdr,kdr,kdr,kdr,kdr,kdr
MOR-2-R,0,kdr,wt,kdr,wt,heterozygote,heterozygote
MOR-3-R,0,kdr,kdr,kdr,kdr,kdr,kdr
MOR-4-R,0,kdr,wt,kdr,wt,heterozygote,heterozygote
MOR-5-R,0,kdr,kdr,kdr,kdr,kdr,kdr
MOR-6-R,0,kdr,kdr,kdr,kdr,kdr,kdr
MOR-7-R,0,kdr,kdr,kdr,wt,kdr,heterozygote
MOR-8-R,0,kdr,kdr,kdr,wt,kdr,heterozygote
MOR-9-R,0,kdr,kdr,kdr,kdr,kdr,kdr
MOR-10-R,0,kdr,kdr,kdr,wt,kdr,heterozygote
MOR-1-S,1,kdr,wt,kdr,wt,heterozygote,heterozygote
MOR-2-S,1,kdr,wt,kdr,wt,heterozygote,heterozygote
MOR-3-S,1,kdr,wt,kdr,wt,heterozygote,heterozygote
MOR-4-S,1,wt,wt,wt,wt,wt,wt
MOR-5-S,1,kdr,wt,kdr,wt,heterozygote,heterozygote
MOR-6-S,1,kdr,wt,kdr,wt,heterozygote,heterozygote
MOR-7-S,1,kdr,wt,kdr,wt,heterozygote,heterozygote
MOR-8-S,1,kdr,kdr,kdr,kdr,kdr,kdr
MOR-9-S,1,wt,wt,wt,wt,wt,wt
MOR-10-S,1,kdr,wt,kdr,wt,heterozygote,heterozygote